sequenceId,itemPosition,Whale,Rhythm,Tempo,Ornamentation,Synchrony,Duration,TsToAbs,Token,Rubato
0,0,1,8,0,0,0,0.21665,0.0,i1.?,?
0,1,1,8,0,0,0,0.209,0.2166500000000013,i1.=,=
0,2,1,1,0,0,0,0.116825,0.4256499999999903,b1.?,?
0,3,1,1,0,1,0,0.205725,0.542474999999996,b1*/,/
0,4,1,8,0,0,0,0.2234833999999999,2.2872665999999957,i1.?,?
0,5,1,8,0,0,0,0.2112166999999999,2.510750000000016,i1.=,=
0,6,1,3,0,0,0,0.14025,2.72196670000001,d1.?,?
0,7,1,1,0,0,0,0.13425,2.862216700000019,b1.?,?
0,8,1,1,0,1,0,0.1990083,2.996466699999999,b1*/,/
0,9,1,5,2,0,0,0.89825,5.676450000000003,f3.?,?
0,10,1,5,2,0,0,0.865575,9.51655000000001,f3.\,\
0,11,1,5,2,0,0,0.8583166,13.450550000000009,f3.=,=
0,12,1,5,2,0,0,0.8619416,16.716949999999983,f3.=,=
0,13,1,1,1,0,0,0.50535,19.78595,b2.?,?
0,14,1,0,0,0,0,0.3334749999999999,20.291299999999996,a1.?,?
0,15,1,5,2,0,1,0.8447332999999999,23.32445,f3.?,?
0,16,2,3,2,0,1,0.8711697,23.38265,d3.?,?
0,17,2,3,2,0,1,0.9260951,26.737350000000006,d3./,/
0,18,1,5,2,1,1,0.8275417,26.87705000000001,f3*=,=
0,19,2,3,3,0,1,0.946011,29.94695,d4.?,?
0,20,1,5,2,0,1,0.8468334000000001,30.12785000000001,f3./,/
0,21,2,3,3,0,0,1.0306499999999998,34.87325,d4./,/
0,22,2,3,4,0,1,1.0820167,39.80575,d5.?,?
0,23,1,5,3,0,0,1.0484083,40.13985000000001,f4.?,?
0,24,1,5,3,0,1,0.9956333,44.27295,f4.\,\
0,25,2,3,3,0,1,1.07565,44.51004999999999,d4.?,?
0,26,2,3,3,0,1,1.020525,48.63324999999999,d4.\,\
0,27,1,5,3,0,1,0.9803084,48.73405000000001,f4.=,=
0,28,2,3,3,0,1,0.9992167,52.35744999999999,d4.=,=
0,29,1,5,3,1,1,0.9525416,52.59585,f4*\,\
0,30,2,3,3,0,0,0.9997651,56.16994999999999,d4.=,=
0,31,2,3,3,0,1,1.0187389,59.75585,d4./,/
0,32,1,5,3,0,1,1.0598584,60.52804999999999,f4./,/
0,33,2,3,3,0,1,1.0307395,64.06185,d4.=,=
0,34,1,5,3,0,1,1.0668667,64.77845,f4.=,=
0,35,2,3,3,0,1,1.0595726,68.42264999999999,d4./,/
0,36,1,5,3,0,1,1.0691167,69.17694999999999,f4.=,=
0,37,2,3,3,1,1,1.0062386,72.79095,d4*\,\
0,38,1,4,2,0,1,0.6526,73.2442917,e3.?,?
0,39,2,3,3,0,1,0.969535,76.48264999999999,d4.\,\
0,40,1,5,3,0,1,0.9752834,76.51895,f4.?,?
0,41,2,3,3,0,0,1.0017667,80.25914999999999,d4./,/
0,42,2,3,3,0,0,0.9509917,84.11885,d4.\,\
0,43,2,3,3,1,1,0.941825,87.54035,d4*=,=
0,44,1,8,0,0,0,0.246575,90.0899667,i1.?,?
0,45,1,8,0,0,0,0.2329166,90.33654169999998,i1.=,=
0,46,1,3,0,0,0,0.164125,90.5694583,d1.?,?
0,47,1,1,0,0,0,0.166275,90.7335833,b1.?,?
0,48,1,1,0,0,0,0.3122084,90.8998583,b1./,/
0,49,1,11,0,0,1,0.2402834,93.82105,l1.?,?
0,50,2,3,3,0,1,0.9316936,93.99755,d4.=,=
0,51,1,8,0,0,1,0.20845,94.0613334,i1.?,?
0,52,1,3,0,0,0,0.1228083,94.2697834,d1.?,?
0,53,1,1,0,0,0,0.1246833,94.3925917,b1.?,?
0,54,1,1,0,1,0,0.2578417,94.517275,b1*/,/
0,55,2,3,2,0,1,0.9013667,120.28145,d3.?,?
0,56,1,8,0,0,1,0.2449228,126.38055,i1.?,?
0,57,2,3,3,0,1,0.9535955,126.38365,d4.?,?
0,58,1,8,0,0,1,0.2249583,126.6254728,i1.=,=
0,59,1,1,0,0,0,0.1114917,126.8504311,b1.?,?
0,60,1,1,0,0,0,0.189975,126.9619228,b1./,/
0,61,1,1,0,0,1,0.3385333,127.1518978,b1./,/
0,62,2,3,2,0,1,0.9049469,129.95295,d3.?,?
0,63,1,8,0,0,1,0.2399582999999999,130.02645,i1.?,?
0,64,1,8,0,0,0,0.2079417,130.26640830000002,i1.\,\
0,65,1,1,0,0,0,0.1052417,130.47435000000002,b1.?,?
0,66,1,1,0,0,0,0.1874083,130.57959170000004,b1./,/
0,67,1,1,0,1,0,0.3121,130.767,b1*/,/
0,68,1,16,0,0,1,0.3992334,132.96977500000003,q1.?,?
0,69,2,3,2,0,1,0.8943574999999999,133.34305,d3.=,=
0,70,1,3,0,0,1,0.1494832999999999,133.36900839999998,d1.?,?
0,71,1,1,0,0,0,0.1318582999999999,133.51849170000003,b1.?,?
0,72,1,1,0,1,0,0.200475,133.65035,b1*/,/
0,73,1,8,0,0,0,0.214725,136.46055,i1.?,?
0,74,1,8,0,0,1,0.2213165999999999,136.675275,i1.=,=
0,75,2,3,2,0,1,0.8955485000000001,136.79675000000003,d3.=,=
0,76,1,3,0,0,1,0.1683666999999999,136.89659160000002,d1.?,?
0,77,1,1,0,1,0,0.202825,137.0649583,b1*?,?
0,78,1,3,0,0,0,0.1235417,140.02765,d1.?,?
0,79,1,3,0,0,0,0.1437833,140.15119170000003,d1./,/
0,80,1,3,0,0,0,0.1343334,140.29497500000002,d1.=,=
0,81,1,3,0,0,0,0.14615,140.42930840000002,d1.=,=
0,82,1,1,0,0,0,0.1170249999999999,140.5754584,b1.?,?
0,83,1,1,0,1,0,0.1966916,140.6924834,b1*/,/
0,84,1,8,0,0,0,0.219675,143.78195,i1.?,?
0,85,1,8,0,0,0,0.2059416999999999,144.001625,i1.=,=
0,86,1,3,0,0,0,0.15025,144.20756670000003,d1.?,?
0,87,1,1,0,0,0,0.1222332999999999,144.3578167,b1.?,?
0,88,1,1,0,1,0,0.185475,144.48005,b1*/,/
0,89,2,4,0,0,0,0.2251736999999999,147.29495000000003,e1.?,?
0,90,2,3,0,0,1,0.1243865,147.52012370000006,d1.?,?
0,91,1,5,2,0,1,0.8768083,147.61645,f3.?,?
0,92,2,3,0,0,1,0.1295839999999999,147.6445102,d1.=,=
0,93,2,3,0,0,0,0.1356281,147.77409420000004,d1.=,=
0,94,2,3,0,0,0,0.1466111,147.90972230000006,d1.=,=
0,95,2,3,0,0,0,0.2190877,148.05633340000003,d1./,/
0,96,2,0,0,0,1,0.3647186,148.27542110000002,a1.?,?
0,97,1,5,2,0,0,0.8888416,152.29095,f3.=,=
0,98,1,5,2,1,0,0.895725,156.44475,f3*=,=
1,0,1,4,2,1,0,0.6448667,0.0,e3*?,?
1,1,1,5,3,0,1,1.031875,3.5984749999997803,f4.?,?
1,2,2,3,2,0,1,0.8491469,7.570174999999836,d3.?,?
1,3,1,5,3,0,1,0.9328,7.615774999999758,f4.\,\
1,4,2,3,2,0,1,0.8341406,11.268874999999753,d3.=,=
1,5,1,5,2,0,1,0.9238417,11.298874999999953,f3.?,?
1,6,2,3,2,0,0,0.8658667000000001,15.090174999999816,d3./,/
1,7,2,3,2,0,1,0.9066083,20.07077500000014,d3./,/
1,8,1,5,3,0,1,0.9870084,21.030075000000124,f4.?,?
1,9,2,3,2,0,1,0.92075,24.362674999999854,d3.=,=
1,10,1,5,3,0,1,0.9885917,24.86357499999985,f4.=,=
1,11,2,3,3,0,1,0.9335833,27.94747499999994,d4.?,?
1,12,1,5,3,0,1,0.9898417,28.345174999999927,f4.=,=
1,13,2,3,3,0,1,0.9512917,31.50737500000014,d4.=,=
1,14,1,2,2,0,1,0.8657417000000001,31.774374999999964,c3.?,?
1,15,1,1,0,0,1,0.3789,32.64011669999991,b1.?,?
1,16,2,3,3,0,0,0.9450416,35.482575,d4.=,=
1,17,2,3,4,0,0,1.266987,40.9183750000002,d5.?,?
1,18,2,3,4,0,1,1.2468991,45.219874999999774,d5.=,=
1,19,1,5,4,0,0,1.1383333,45.617775000000165,f5.?,?
1,20,1,5,4,0,1,1.13705,50.53267499999993,f5.=,=
1,21,2,1,2,0,1,0.7957432,57.37587500000018,b3.?,?
1,22,1,5,4,0,1,1.1143331,57.763274999999794,f5.\,\
1,23,2,1,0,0,0,0.1517731,58.17161820000001,b1.?,?
1,24,2,1,0,1,0,0.1995816,58.32339129999991,b1*/,/
1,25,2,1,0,0,0,4.7e-06,58.53653619999977,b1.\,\
1,26,2,1,0,0,0,0.2501258,58.53654090000009,b1./,/
1,27,2,3,3,0,1,0.9935083,62.22117500000013,d4.?,?
1,28,1,5,3,0,1,1.0642667,62.25127500000008,f4.?,?
1,29,1,5,3,0,1,1.0549583,66.37057499999992,f4.=,=
1,30,2,3,3,0,1,0.936775,67.06107500000007,d4.\,\
1,31,1,0,2,0,1,0.8039417,71.15047499999991,a3.?,?
1,32,2,3,2,0,1,0.9093083,71.2951750000002,d3.?,?
1,33,1,1,0,0,0,0.1925916999999999,71.95441669999991,b1.?,?
1,34,1,1,0,1,0,0.2429166,72.14700839999978,b1*/,/
1,35,2,3,2,1,1,0.9059166,75.56927499999983,d3*=,=
1,36,1,16,0,0,0,0.4205084,75.72353329999987,q1.?,?
1,37,1,3,0,0,0,0.1571917,76.14404169999989,d1.?,?
1,38,1,1,0,0,0,0.1809665999999999,76.3012334,b1.?,?
1,39,1,1,0,0,1,0.3051,76.48219999999992,b1./,/
1,40,2,3,2,0,1,0.9170917,80.36887500000012,d3.=,=
1,41,1,8,0,0,0,0.2266417,80.68837500000018,i1.?,?
1,42,1,8,0,0,0,0.2084166,80.9150166999998,i1.=,=
1,43,1,3,0,0,0,0.1506334,81.12343329999976,d1.?,?
1,44,1,1,0,0,0,0.1501665999999999,81.27406669999982,b1.?,?
1,45,1,1,0,1,0,0.2862167,81.4242333000002,b1*/,/
1,46,2,3,3,0,1,0.9617167,86.91077499999983,d4.?,?
1,47,1,9,0,0,0,0.2054417,87.31117499999982,j1.?,?
1,48,1,8,0,0,0,0.217425,87.51661669999976,i1.?,?
1,49,1,3,0,0,0,0.1516167,87.73404170000003,d1.?,?
1,50,1,1,0,0,0,0.147075,87.88565840000001,b1.?,?
1,51,1,1,0,0,0,0.3064917,88.03273339999987,b1./,/
1,52,1,9,0,0,1,0.205,90.419175,j1.?,?
1,53,2,3,3,0,1,0.9313333,90.59937499999978,d4.\,\
1,54,1,9,0,0,1,0.2142833,90.62417499999992,j1.=,=
1,55,1,9,0,0,0,0.26995,90.83845830000018,j1./,/
1,56,1,1,0,1,0,0.1848417,91.10840830000006,b1*?,?
1,57,2,3,2,0,1,0.904492,94.23017500000014,d3.?,?
1,58,1,5,2,0,0,0.90795,94.58377500000006,f3.?,?
1,59,1,5,2,1,1,0.8891166,99.022375,f3*=,=
1,60,2,13,0,0,1,0.2964166,102.75379169999997,n1.?,?
1,61,1,5,2,0,1,0.8545083,103.01627499999996,f3.\,\
1,62,2,13,0,0,1,0.3416,103.05020830000012,n1./,/
1,63,2,3,0,1,0,0.1985834,103.39180829999988,d1*?,?
1,64,1,5,2,0,0,0.8804833,106.85017500000004,f3./,/
1,65,1,5,2,0,0,0.8843916999999999,110.97407500000008,f3.=,=
1,66,1,5,2,0,0,0.8801833,114.61147500000015,f3.=,=
2,0,2,0,0,0,1,0.3475595999999999,0.0,a1.?,?
2,1,1,6,0,1,0,0.3264083,1.4058999999997468,g1*?,?
2,2,2,0,0,0,1,0.2941498,6.847999999999956,a1.\,\
2,3,1,1,0,0,1,0.1880084,6.876899999999296,b1.?,?
2,4,1,1,0,0,1,0.1313333,7.064908399999695,b1.\,\
2,5,2,0,0,0,1,0.3083409,11.86489999999958,a1.=,=
2,6,1,0,0,0,0,0.1921749999999999,12.49409999999989,a1.?,?
2,7,1,1,0,1,0,0.1305084,12.686275000000023,b1*?,?
2,8,1,6,0,0,1,0.2745917,17.339649999999892,g1.?,?
2,9,2,0,0,0,1,0.27962,17.501099999999497,a1.\,\
2,10,2,0,0,0,1,0.2908199,21.647399999999838,a1.=,=
2,11,1,6,0,0,1,0.3498417,21.77849999999944,g1./,/
2,12,2,0,0,0,1,0.2928291,26.441899999999805,a1.=,=
2,13,1,2,0,1,0,0.3099917,31.59149999999954,c1*?,?
2,14,1,6,0,0,0,0.3549083,36.86909999999989,g1.?,?
2,15,1,5,0,0,0,0.361125,44.07499999999982,f1.?,?
2,16,1,6,0,0,0,0.3395083,48.79419999999936,g1.?,?
2,17,1,6,0,1,0,0.38335,53.33739999999944,g1*/,/
2,18,1,6,0,0,0,0.2758,57.943058399999245,g1.\,\
2,19,1,2,0,1,0,0.3293467,62.51029999999992,c1*?,?
3,0,2,11,0,0,0,0.2958,0.0,l1.?,?
3,1,2,11,0,0,0,0.3127083,4.754699999999502,l1.=,=
3,2,2,11,0,1,0,0.2673975,14.933899999999994,l1*\,\
4,0,2,11,0,0,0,0.2443981,0.0,l1.?,?
4,1,2,1,0,0,0,0.119875,0.2443981000005806,b1.?,?
5,0,1,1,0,0,0,0.0955584,0.0,b1.?,?
5,1,1,0,0,0,0,0.1054249999999999,0.0955583999999589,a1.?,?
5,2,1,1,0,0,0,0.0898833,0.200983400000041,b1.?,?
5,3,1,1,0,0,0,0.1021833,0.2908667000000378,b1.=,=
5,4,1,8,0,0,0,0.2466249999999999,5.348299999999995,i1.?,?
5,5,1,1,0,0,0,0.1095583,5.594924999999989,b1.?,?
5,6,1,6,0,0,0,0.3098333,10.792799999999945,g1.?,?
5,7,1,6,0,0,1,0.341425,15.846599999999968,g1./,/
5,8,2,0,0,1,1,0.2988411,21.15339999999992,a1*?,?
5,9,1,6,0,0,1,0.2806499999999999,21.48134169999992,g1.\,\
5,10,2,0,0,0,0,0.3022229,25.72869999999989,a1.=,=
5,11,2,0,0,0,1,0.2979522,30.337299999999917,a1.=,=
5,12,1,6,0,0,1,0.3405416999999999,39.89029999999991,g1./,/
5,13,2,0,0,0,1,0.2758363,41.51869999999997,a1.\,\
5,14,1,6,0,0,1,0.3358583999999999,45.58839999999998,g1.=,=
5,15,2,0,0,0,1,0.2961937,46.39959999999997,a1./,/
5,16,1,6,0,0,1,0.3282583,51.3762999999999,g1.=,=
5,17,2,1,1,0,1,0.5084447,55.95129999999995,b2.?,?
5,18,1,6,0,0,1,0.3341,56.40319999999997,g1.=,=
5,19,2,3,2,0,1,0.7801781000000001,62.162099999999896,d3.?,?
5,20,1,6,0,1,1,0.317175,62.17409999999995,g1*=,=
5,21,1,6,0,0,1,0.2935166,67.27115839999988,g1.\,\
5,22,2,3,2,0,1,0.803023,67.80079999999998,d3./,/
5,23,1,6,0,0,1,0.3297916,72.3282999999999,g1./,/
5,24,2,3,2,0,1,0.7815689,72.8649999999999,d3.\,\
5,25,1,0,0,0,0,0.2006333,77.38589999999999,a1.?,?
5,26,1,1,0,0,1,0.1378,77.58653330000004,b1.?,?
5,27,2,3,2,0,1,0.7834142,77.6105,d3.=,=
5,28,1,6,0,0,1,0.3479833,81.80149999999992,g1.?,?
5,29,2,3,2,1,1,0.7556727000000001,81.99879999999996,d3*\,\
5,30,1,6,0,0,1,0.3154334,86.38868329999991,g1.\,\
5,31,2,3,2,0,0,0.7638829,86.8830999999999,d3.=,=
6,0,1,6,0,0,0,0.3024334,0.0,g1.?,?
6,1,1,6,0,0,1,0.3266,4.206108400000062,g1./,/
6,2,2,0,0,1,1,0.3204355,4.49130839999998,a1*?,?
6,3,1,2,0,0,1,0.2996416,10.70215840000003,c1.?,?
6,4,2,0,0,1,1,0.3024220999999999,10.920708399999969,a1*=,=
6,5,1,6,0,0,0,0.2948916,16.384075100000018,g1.?,?
7,0,2,3,2,0,0,0.7032039999999999,0.0,d3.?,?
7,1,2,1,0,0,0,0.3366792,0.7032039999994595,b1.?,?
8,0,2,5,2,0,0,0.7641792999999999,0.0,f3.?,?
8,1,2,0,0,0,0,0.4440533,3.0096999999996115,a1.?,?
8,2,2,1,0,0,0,0.3155963,3.4537532999993346,b1.?,?
8,3,2,6,2,0,1,0.8047103,8.062700000000405,g3.?,?
8,4,3,6,2,0,1,0.9261698,10.540600000000268,g3.?,?
8,5,2,6,2,0,0,0.7483724,12.092400000000453,g3.\,\
8,6,2,0,0,0,0,0.4052527,16.805900000000292,a1.?,?
8,7,2,1,0,1,0,0.2764084,17.21115270000064,b1*?,?
8,8,2,3,2,0,0,0.7769249999999999,21.08643860000029,d3.?,?
8,9,2,3,2,0,0,0.6386727999999999,25.995600000000195,d3.\,\
8,10,2,6,3,0,1,0.9461832,30.524099999999635,g4.?,?
8,11,3,3,2,1,0,0.6765932,32.09780000000046,d3*?,?
8,12,2,6,2,0,1,0.8057931,37.83680000000004,g3.?,?
8,13,3,5,2,0,1,0.8960667,39.94040000000041,f3.?,?
8,14,2,6,2,0,1,0.7146081999999999,50.82980000000043,g3.\,\
8,15,3,6,2,1,0,0.6136594,52.92020000000048,g3*?,?
8,16,2,6,2,0,1,0.8364572,57.2534999999998,g3./,/
8,17,3,0,0,0,1,0.3135059,58.57539999999972,a1.?,?
8,18,1,5,2,0,1,0.8993712,58.6864000000005,f3.?,?
8,19,3,0,0,1,1,0.4177529,58.88890589999937,a1*/,/
8,20,1,5,3,1,1,1.0583501,62.47029999999995,f4*?,?
8,21,2,2,1,1,1,0.5989077,63.69971910000004,c2*?,?
8,22,2,6,1,0,1,0.5234243000000001,64.97490000000016,g2.?,?
8,23,1,2,2,0,1,0.6248682999999999,64.99872349999987,c3.?,?
8,24,1,4,1,1,0,0.51264,65.92752399999972,e2*?,?
8,25,1,1,1,0,0,0.5409917,68.91920000000027,b2.?,?
8,26,1,1,0,0,1,0.3565083,69.4601917,b1.?,?
8,27,2,1,1,0,0,0.4727556,70.77819999999974,b2.?,?
8,28,2,1,0,0,1,0.3300482999999999,71.25095560000045,b1.?,?
8,29,1,5,2,0,0,0.9174917,71.95480000000043,f3.?,?
8,30,1,5,3,0,1,0.9704917,75.02019999999993,f4.?,?
8,31,5,5,2,0,1,0.8913898,77.15449999999964,f3.?,?
8,32,1,5,3,0,1,1.015456,78.18059999999969,f4./,/
8,33,6,5,3,0,1,0.9518487,81.54430000000048,f4.?,?
8,34,1,5,4,0,1,1.1311156,81.6855000000005,f5.?,?
8,35,1,5,4,1,1,1.1443636,85.44499999999971,f5*=,=
8,36,9,2,1,0,1,0.4808924,89.0692209000008,c2.?,?
8,37,1,5,4,0,1,1.2213475,89.13150000000041,f5./,/
8,38,1,1,2,0,0,0.8440713,93.04669999999987,b3.?,?
9,0,2,5,4,0,1,1.4088964,0.0,f5.?,?
9,1,1,2,3,1,1,1.0563963,0.0271000000002459,c4*?,?
9,2,2,5,4,1,1,1.3076887,3.8757000000005055,f5*\,\
9,3,1,4,2,1,1,0.7637333,4.855432199999996,e3*?,?
9,4,2,4,2,0,1,0.8742183,8.074260200000936,e3.?,?
9,5,1,5,4,0,1,1.2840083,8.409099999999853,f5.?,?
9,6,2,5,4,1,1,1.3249786,11.08390000000054,f5*?,?
9,7,1,4,2,1,1,0.762875,12.729051700000127,e3*?,?
9,8,2,4,2,1,0,0.7434160000000001,15.229453799998735,e3*?,?
9,9,2,4,2,0,0,0.7436167,18.69857499999944,e3.=,=
9,10,2,3,2,0,0,0.7081833,22.358400000000078,d3.?,?
9,11,2,1,0,0,0,0.35135,23.066583300000275,b1.?,?
9,12,2,5,3,0,0,1.075875,25.678499999999985,f4.?,?
9,13,2,2,2,1,0,0.845875,29.02520000000004,c3*?,?
9,14,2,4,2,0,0,0.6565416,33.415083400000185,e3.?,?
9,15,2,5,3,0,0,1.056125,37.86000000000058,f4.?,?
9,16,2,5,4,1,1,1.1002083,41.505699999999706,f5*?,?
9,17,1,4,2,0,0,0.7608917000000001,42.890758300000016,e3.=,=
9,18,1,5,4,0,0,1.3499,50.87650000000031,f5.?,?
9,19,1,5,4,0,1,1.4196084,54.654099999999744,f5./,/
9,20,2,2,3,1,0,0.9788105,57.413800000000265,c4*?,?
9,21,1,5,4,1,1,1.3377519,58.685999999999694,f5*\,\
9,22,2,4,2,0,1,0.6364147,61.83503049999945,e3.?,?
9,23,1,4,2,0,0,0.7776625,65.00990000000002,e3.?,?
9,24,1,1,0,0,1,0.2214333,65.7875624999997,b1.?,?
9,25,2,5,4,0,0,1.272275,73.65310000000045,f5.?,?
9,26,2,2,3,0,0,0.9608333,84.84010000000035,c4.?,?
9,27,2,1,0,1,0,0.2552,85.8009333,b1*?,?
9,28,1,0,2,0,1,0.9112376,89.02869999999984,a3.?,?
9,29,2,4,2,0,1,0.7819313,89.5625,e3.?,?
9,30,1,0,0,0,0,0.2410611,89.93993760000012,a1.?,?
9,31,1,1,0,0,1,0.2830393,90.18099869999968,b1.?,?
9,32,2,3,0,1,1,0.2440643,90.3444313,d1*?,?
9,33,2,3,0,1,1,0.289602,90.5884956,d1*/,/
9,34,1,0,2,0,0,0.8793834,94.4389000000001,a3.?,?
9,35,1,1,0,0,0,0.2441249999999999,95.31828339999991,b1.?,?
9,36,1,1,0,0,1,0.3343083,95.5624084000001,b1./,/
9,37,2,4,2,0,0,0.8074583000000001,97.08840000000056,e3.?,?
9,38,2,1,0,0,1,0.2398583999999999,97.89585830000031,b1.?,?
9,39,1,2,3,0,1,1.0587083,101.15800000000036,c4.?,?
9,40,2,5,3,0,1,1.0443597,102.0578999999998,f4.?,?
9,41,1,3,0,0,1,0.320975,102.2167083000004,d1.?,?
9,42,1,1,0,0,0,0.3296417,102.53768330000004,b1.?,?
10,0,3,3,4,1,1,1.2373819,0.0,d5*?,?
10,1,2,4,2,0,1,0.7113667,1.2791433000002144,e3.?,?
10,2,3,3,4,0,0,1.1834322000000002,4.529599999999846,d5.\,\
10,3,3,3,4,0,0,1.1707644,8.107200000000375,d5.=,=
10,4,3,3,4,0,1,1.1521169999999998,11.519099999999526,d5.=,=
10,5,2,2,3,0,0,1.0361869,12.103499999999258,c4.?,?
10,6,2,1,0,0,1,0.3359642,13.139686900000015,b1.?,?
10,7,3,3,4,0,0,1.1339197,15.439399999999296,d5.=,=
10,8,3,3,3,0,0,1.0436344,20.23869999999988,d4.?,?
10,9,3,3,3,0,0,0.9628565,26.22990000000027,d4.\,\
10,10,3,3,2,1,1,0.9272592,30.23810000000049,d3*?,?
10,11,2,4,1,1,0,0.5925750000000001,42.541883300000336,e2*?,?
10,12,2,1,0,0,1,0.2868584,43.25030829999923,b1.?,?
10,13,3,3,3,0,0,1.0187518,46.6195000000007,d4.?,?
10,14,3,3,3,0,0,0.9753956,50.52479999999923,d4.\,\
10,15,3,3,3,0,0,0.9370036,54.358000000000175,d4.\,\
10,16,3,3,2,0,1,0.9211486,58.39019999999982,d3.?,?
10,17,1,5,3,0,1,0.9815432,59.57339999999931,f4.?,?
10,18,3,3,2,0,1,0.8836035,61.88390000000072,d3.\,\
10,19,1,5,3,0,1,0.9749583,64.27609999999913,f4.=,=
10,20,3,3,2,0,1,0.8700203,65.54320000000007,d3.=,=
10,21,1,5,3,0,0,0.9544916,68.27239999999983,f4.=,=
10,22,1,5,2,0,1,0.926875,71.72470000000067,f3.?,?
10,23,3,3,4,0,0,1.1449065,79.11759999999958,d5.?,?
10,24,3,3,4,1,1,1.154544,91.6203000000005,d5*=,=
10,25,2,16,2,0,0,0.922875,160.7954332999998,q3.?,?
10,26,2,3,0,1,0,0.3292416999999999,161.7183083,d1*?,?
10,27,1,5,3,0,0,1.0260833,166.17649999999958,f4.?,?
10,28,1,5,3,1,1,1.0279584,170.26369999999952,f4*=,=
10,29,4,8,0,0,0,0.2172847,181.75900890000048,i1.?,?
10,30,4,8,0,0,1,0.2146620999999999,181.97629360000064,i1.=,=
10,31,3,6,2,0,1,0.7491652,182.10009999999968,g3.?,?
10,32,4,3,0,0,1,0.1522886,182.1909556999999,d1.?,?
10,33,4,1,0,0,0,0.1349066,182.34324430000012,b1.?,?
10,34,4,1,0,0,1,0.2636403,182.4781509000004,b1./,/
10,35,2,6,2,0,1,0.6566821999999999,183.9475999999995,g3.?,?
10,36,5,3,3,0,1,0.9741236,184.80029999999897,d4.?,?
10,37,1,5,3,0,1,1.0542667,185.97329999999965,f4./,/
10,38,3,10,0,0,1,0.3407335000000001,188.1805000000004,k1.?,?
10,39,2,1,1,0,1,0.5261475,188.36000000000055,b2.?,?
10,40,2,1,0,0,0,0.3338826,188.88614749999945,b1.?,?
10,41,2,3,2,0,1,0.9248544,190.14899999999943,d3.?,?
10,42,3,5,2,0,1,0.8144705999999999,191.53830000000016,f3.?,?
10,43,4,3,2,1,1,0.8499348,192.7006000000001,d3*?,?
10,44,1,8,0,0,0,0.252175,193.9837750000006,i1.?,?
10,45,1,8,0,0,0,0.247475,194.23595000000023,i1.=,=
10,46,1,1,0,0,0,0.1250416,194.48342500000035,b1.?,?
10,47,1,1,0,1,0,0.2487084,194.6084666000006,b1*/,/
10,48,1,11,0,0,0,0.2567083,197.8099000000002,l1.?,?
10,49,1,8,0,0,1,0.2342833,198.06660829999964,i1.?,?
10,50,2,3,1,0,1,0.5310192,198.1270999999997,d2.?,?
10,51,1,3,0,0,1,0.2552917,198.3008915999999,d1.?,?
10,52,1,1,0,0,0,0.3842083,198.55618329999925,b1.?,?
10,53,1,3,0,0,0,0.1298,200.0676000000003,d1.?,?
10,54,1,3,0,0,0,0.14405,200.1973999999991,d1.=,=
10,55,1,3,0,0,0,0.1265,200.3414499999999,d1.=,=
10,56,1,3,0,0,0,0.133325,200.4679500000002,d1.=,=
10,57,1,1,0,0,0,0.1082167,200.60127499999908,b1.?,?
10,58,1,1,0,0,0,0.1753916,200.7094916999995,b1./,/
10,59,1,1,0,0,0,0.2684584,200.88488329999927,b1./,/
10,60,1,3,0,0,0,0.105475,203.4284000000007,d1.?,?
10,61,1,3,0,0,0,0.1393917,203.5338749999992,d1./,/
10,62,1,3,0,0,0,0.1248,203.67326670000148,d1.=,=
10,63,1,3,0,0,0,0.1309083,203.79806669999925,d1.=,=
10,64,1,3,0,0,0,0.1594084,203.92897500000072,d1./,/
10,65,1,1,0,0,0,0.1700583,204.08838340000148,b1.?,?
10,66,1,1,0,0,0,0.32,204.25844169999985,b1./,/
10,67,1,3,0,0,0,0.1042834,206.28089999999972,d1.?,?
10,68,1,3,0,0,0,0.14595,206.38518339999973,d1./,/
10,69,1,3,0,0,0,0.1215,206.53113339999985,d1.\,\
10,70,1,3,0,0,0,0.1269166,206.6526333999991,d1.=,=
10,71,1,3,0,0,0,0.1460499999999999,206.7795499999993,d1./,/
10,72,1,1,0,0,0,0.1539084,206.9256000000005,b1.?,?
10,73,1,1,0,0,0,0.2829916,207.0795084000001,b1./,/
10,74,1,11,0,0,0,0.2386416999999999,209.01529999999912,l1.?,?
10,75,1,8,0,0,0,0.1987333,209.25394170000072,i1.?,?
10,76,1,3,0,0,0,0.138,209.45267500000045,d1.?,?
10,77,1,1,0,0,0,0.136875,209.59067499999944,b1.?,?
10,78,1,1,0,1,0,0.2204667,209.7275499999996,b1*/,/
10,79,1,11,0,0,0,0.2396165999999999,212.17250000000055,l1.?,?
10,80,1,9,0,0,0,0.2131834,212.41211660000045,j1.?,?
10,81,1,3,0,0,0,0.136725,212.6252999999997,d1.?,?
10,82,1,1,0,0,0,0.131625,212.762025,b1.?,?
10,83,1,1,0,0,1,0.2908166,212.89365,b1./,/
10,84,2,3,2,0,1,0.7375622,212.90929999999932,d3.?,?
10,85,3,3,2,0,1,0.7348552,212.98149999999987,d3.?,?
10,86,1,5,2,0,1,0.8390417,215.97400000000016,f3.?,?
10,87,2,3,2,0,1,0.753879,216.14969999999997,d3.=,=
10,88,3,3,2,0,1,0.7426263,216.61189999999988,d3.=,=
10,89,1,3,2,0,0,0.6440834,219.0604000000003,d3.?,?
10,90,1,1,0,0,1,0.2581833,219.7044833999989,b1.?,?
10,91,2,3,2,0,1,0.7919697,220.20470000000023,d3./,/
10,92,1,6,2,0,1,0.7851834,221.8070000000007,g3.?,?
10,93,2,3,2,1,1,0.8035371,223.48599999999897,d3*=,=
10,94,1,2,1,0,1,0.60355,224.53090840000004,c2.?,?
10,95,2,3,2,1,1,0.8265359,226.78919999999923,d3*/,/
10,96,1,2,1,0,1,0.556425,227.99192500000024,c2.\,\
10,97,2,3,2,0,1,0.8478030999999999,230.34000000000012,d3./,/
10,98,1,3,2,1,0,0.6263666999999999,230.71049999999923,d3*?,?
10,99,1,6,2,0,1,0.775775,232.92419999999947,g3.?,?
10,100,2,3,3,1,1,0.9739753,236.0771999999997,d4*?,?
10,101,1,2,1,1,0,0.549,237.0897999999997,c2*?,?
10,102,1,2,1,0,0,0.5654416,239.986574999999,c2.=,=
10,103,1,5,2,0,1,0.7852416999999999,244.1137999999992,f3.?,?
10,104,2,3,3,0,1,0.9746389,248.06940000000031,d4.=,=
10,105,3,3,2,0,1,0.8335646999999999,248.3184999999994,d3./,/
10,106,1,5,2,0,1,0.8296416,249.1520999999993,f3./,/
10,107,2,3,2,0,1,0.8819159,253.04939999999988,d3.?,?
10,108,1,5,2,0,1,0.862775,255.13520000000065,f3./,/
10,109,2,3,2,0,0,0.8788252999999999,256.5527000000002,d3.=,=
10,110,2,3,2,0,1,0.8716988999999999,260.6836000000003,d3.=,=
10,111,1,5,2,1,1,0.8768917,261.9866999999995,f3*=,=
10,112,3,2,2,0,1,0.7700204,263.32726189999994,c3.?,?
10,113,2,3,2,1,0,0.8637708,264.6177000000007,d3*=,=
10,114,1,5,2,0,0,0.8805833999999999,265.84749999999985,f3.=,=
11,0,1,15,0,1,0,0.3460833,0.0,p1*?,?
11,1,2,13,0,0,0,0.3754055,5.9340333999989525,n1.?,?
11,2,2,15,0,0,1,0.386181,11.131733399999575,p1.?,?
11,3,1,6,0,0,1,0.3293314,11.514833400000498,g1.?,?
11,4,2,0,0,0,1,0.2704286,16.69493340000008,a1.?,?
11,5,1,6,0,0,1,0.317,19.80353339999965,g1.=,=
11,6,2,0,0,0,1,0.3606061,23.575033400000397,a1./,/
11,7,1,6,0,0,1,0.3385,23.95973339999909,g1./,/
11,8,2,0,0,1,1,0.342827,27.75943340000049,a1*=,=
11,9,1,2,1,0,0,0.5392084,28.135850000000573,c2.?,?
11,10,1,5,2,0,1,0.7648166999999999,32.09243339999921,f3.?,?
11,11,2,0,0,0,1,0.3155375,32.51863339999909,a1.\,\
11,12,1,5,2,0,1,0.7708499999999999,36.54013339999983,f3.=,=
11,13,2,0,0,0,1,0.31467,36.62073339999915,a1.=,=
11,14,1,5,2,1,0,0.78275,41.12223339999946,f3*=,=
11,15,1,2,1,0,1,0.5414667,45.6864000000005,c2.?,?
11,16,2,0,0,1,1,0.3061899,45.8367333999995,a1*=,=
11,17,2,0,0,0,1,0.3092805,49.78253339999901,a1.=,=
11,18,1,2,1,0,1,0.521475,49.944883399999526,c2.=,=
11,19,2,0,0,0,0,0.3091536,54.252533400000175,a1.=,=
11,20,2,0,0,0,0,0.3054025,58.90283339999951,a1.=,=
11,21,2,0,0,0,1,0.3247742,63.04693339999904,a1./,/
11,22,1,3,0,0,1,0.2680084,66.53623340000013,d1.?,?
11,23,2,0,0,0,1,0.3006949,66.73403340000004,a1.\,\
11,24,1,1,0,0,1,0.1372333,66.80424180000045,b1.?,?
11,25,2,0,0,0,1,0.2877339,70.63213340000038,a1.=,=
11,26,1,5,0,0,0,0.344225,71.76393339999959,f1.?,?
11,27,1,6,0,0,0,0.3446167,76.57563339999979,g1.?,?
11,28,1,6,0,0,0,0.3394666,81.3917333999998,g1.=,=
11,29,1,1,0,0,0,0.222025,86.40513339999961,b1.?,?
11,30,1,1,0,0,0,0.1472833,86.62715840000055,b1.\,\
11,31,1,6,0,0,0,0.3288833,91.2166333999994,g1.?,?
11,32,1,6,0,0,0,0.3096166,96.5247333999996,g1.=,=
12,0,1,6,0,0,0,0.320125,0.0,g1.?,?
12,1,1,6,0,0,0,0.3312832999999999,4.211300000000847,g1.=,=
12,2,1,6,0,0,0,0.3480166,8.755000000001019,g1.=,=
12,3,1,6,0,0,0,0.3535834,13.088700000000244,g1.=,=
13,0,1,13,0,0,0,0.2602083,0.0,n1.?,?
13,1,1,1,0,0,0,0.1359833999999999,0.2602083000001585,b1.?,?
13,2,1,1,0,0,0,0.0706167,10.834100000000037,b1.\,\
13,3,1,1,0,0,0,0.0927667,10.90471670000079,b1./,/
13,4,1,1,0,0,0,0.0949083,10.99748340000042,b1.=,=
13,5,1,1,0,0,0,0.1180167,11.092391700000007,b1./,/
14,0,2,5,4,0,0,1.3284208,0.0,f5.?,?
14,1,2,5,4,0,0,1.2811749,5.1358000000000175,f5.\,\
14,2,2,5,4,0,0,1.2614434,10.110000000000582,f5.=,=
14,3,2,5,3,0,1,1.0769538,12.810600000000704,f4.?,?
14,4,1,5,4,0,0,1.3729583,16.078199999999924,f5.?,?
14,5,1,5,4,0,1,1.4024953,20.087600000000748,f5./,/
14,6,2,0,1,0,1,0.5548603,21.02020000000084,a2.?,?
14,7,1,5,4,1,1,1.363775,24.09610000000066,f5*\,\
14,8,2,4,2,0,1,0.6874584,24.79355829999986,e3.?,?
14,9,1,5,4,0,0,1.3564583,27.811799999999494,f5.=,=
14,10,1,5,4,0,1,1.4225333,31.510400000001027,f5./,/
14,11,2,5,4,0,1,1.1494833,33.490999999999985,f5.?,?
14,12,1,5,4,0,1,1.3880249999999998,36.57710000000043,f5.\,\
14,13,2,5,4,0,1,1.1432250000000002,37.72620000000097,f5.=,=
14,14,1,5,4,0,1,1.348075,40.51419999999962,f5.\,\
14,15,2,5,3,0,1,1.0706167,41.913800000000265,f4.?,?
14,16,1,5,4,0,0,1.0961584,47.117700000000696,f5.\,\
14,17,1,5,4,0,1,1.13985,51.39819999999963,f5./,/
14,18,2,5,3,1,1,1.0745886,51.477200000001176,f4*=,=
14,19,2,5,3,0,1,0.9732383,55.77510000000075,f4.\,\
14,20,1,4,2,0,1,0.6482166,55.825533400000495,e3.?,?
14,21,2,5,3,1,1,0.9565345,59.59779999999955,f4*=,=
14,22,1,4,2,0,0,0.6657666,61.04252500000075,e3.=,=
14,23,1,2,2,0,0,0.8619583000000001,64.02499999999964,c3.?,?
14,24,1,1,0,1,0,0.270325,64.8869582999996,b1*?,?
14,25,1,4,2,1,0,0.7297750000000001,71.63526670000101,e3*?,?
14,26,1,4,2,1,0,0.7431500000000001,76.3236667000001,e3*=,=
14,27,1,4,2,0,0,0.7329667,80.57900830000108,e3.=,=
14,28,1,5,4,1,0,1.1105333,83.54640000000109,f5*?,?
14,29,1,8,3,0,1,0.970675,85.59804000000076,i4.?,?
14,30,2,3,4,0,1,1.1483333999999998,85.80270000000019,d5.?,?
14,31,1,1,0,1,0,0.24355,86.56871499999943,b1*?,?
14,32,2,3,3,0,1,1.067342,90.01920000000064,d4.?,?
14,33,1,5,2,0,1,0.8722750000000001,90.11709999999948,f3.?,?
14,34,2,3,4,0,0,1.0911703,93.996000000001,d5.?,?
14,35,2,3,4,0,0,1.2238037,100.21540000000095,d5./,/
14,36,2,3,4,0,0,1.2103,104.11050000000068,d5.=,=
14,37,2,3,4,0,0,1.2299083,108.02770000000056,d5./,/
14,38,2,3,4,0,0,1.2635917,112.08790000000045,d5./,/
14,39,2,3,4,0,0,1.2918833,116.1347999999998,d5./,/
15,0,2,3,4,0,1,1.2562709,0.0,d5.?,?
15,1,1,5,4,0,0,1.33315,0.3446999999996478,f5.?,?
15,2,1,5,4,0,1,1.3010083,4.441500000000815,f5.\,\
15,3,2,3,4,0,1,1.1890122,4.694499999999607,d5.\,\
15,4,1,5,4,0,1,1.2425167,8.062600000001112,f5.\,\
15,5,2,3,4,0,1,1.2047948,8.558399999999892,d5.=,=
15,6,1,5,4,0,1,1.2543334,11.66020000000026,f5.=,=
15,7,2,3,4,0,1,1.2292841,12.25630000000092,d5./,/
15,8,1,5,4,0,1,1.2430583,15.395599999999831,f5.=,=
15,9,2,3,4,0,1,1.2392304,15.837100000000646,d5.=,=
15,10,1,5,4,0,1,1.2504167,19.069000000001324,f5.=,=
15,11,2,3,4,1,1,1.1982432,19.455299999999625,d5*\,\
15,12,2,3,4,0,1,1.2327404,23.07430000000022,d5./,/
15,13,1,4,2,0,1,0.7414083999999999,23.17385000000104,e3.?,?
15,14,1,5,4,0,0,1.1905666,26.14420000000064,f5.?,?
16,0,2,3,4,0,0,1.3779594,0.0,d5.?,?
17,0,2,5,4,1,0,1.330825,0.0,f5*?,?
17,1,1,2,4,0,1,1.1336499999999998,5.207800000000134,c5.?,?
17,2,2,2,2,0,1,0.8576356,6.224099999999453,c3.?,?
17,3,1,1,0,1,1,0.2601877,6.341449999999895,b1*?,?
17,4,2,1,0,0,1,0.3329502,7.081735600000684,b1.?,?
17,5,1,0,2,0,0,0.8935917,11.67619999999988,a3.?,?
17,6,1,1,0,0,0,0.2443666,12.569791699999769,b1.?,?
17,7,1,1,0,1,0,0.3143334,12.81415829999969,b1*/,/
17,8,2,2,3,0,0,0.981775,14.633099999999104,c4.?,?
17,9,2,3,1,1,0,0.4790583,15.614874999999302,d2*?,?
17,10,1,8,0,0,0,0.2488666,23.76339999999982,i1.?,?
17,11,1,8,0,0,0,0.2085667,24.012266600000657,i1.\,\
17,12,1,3,0,0,0,0.1426666999999999,24.220833299999867,d1.?,?
17,13,1,1,0,0,0,0.1230333,24.36349999999948,b1.?,?
17,14,1,1,0,0,0,0.1927667,24.486533299999792,b1./,/
17,15,1,1,0,0,0,0.356025,24.679299999999785,b1./,/
17,16,1,8,0,0,0,0.2191334,31.70629999999983,i1.?,?
17,17,1,8,0,0,0,0.2179083,31.925433399999747,i1.=,=
17,18,1,3,0,0,0,0.133975,32.14334170000075,d1.?,?
17,19,1,1,0,0,0,0.12115,32.277316699999574,b1.?,?
17,20,1,1,0,0,0,0.2010916999999999,32.39846670000043,b1./,/
17,21,1,1,0,0,0,0.3195833,32.599558399999296,b1./,/
18,0,2,5,2,0,1,0.8981999,0.0,f3.?,?
18,1,3,5,4,0,1,1.1479083,1.6542000000008557,f5.?,?
18,2,2,5,3,0,1,0.9355795,3.613900000000285,f4.?,?
18,3,1,5,3,0,1,1.0424417,3.71349999999984,f4.?,?
18,4,3,5,4,0,1,1.1582067,5.708000000000538,f5.=,=
18,5,2,3,2,0,1,0.7290975000000001,6.916699999999764,d3.?,?
18,6,1,1,2,1,1,0.7898166,7.550800000000891,b3*?,?
18,7,1,1,0,0,1,0.29535,8.34061660000043,b1.?,?
18,8,2,5,2,0,1,0.9001793,10.308600000000297,f3.?,?
18,9,1,5,3,0,1,1.0513833,11.280300000000352,f4.?,?
18,10,2,5,3,0,0,0.9476766,13.870300000000498,f4.?,?
18,11,2,5,3,0,0,0.973135,17.324399999999514,f4./,/
18,12,2,5,3,0,1,1.0269077,20.947299999999814,f4./,/
18,13,1,0,2,0,0,0.75905,22.282600000000457,a3.?,?
18,14,1,1,0,0,0,0.12125,23.041650000001027,b1.?,?
18,15,1,1,0,0,0,0.1799666999999999,23.162900000001173,b1./,/
18,16,1,1,0,1,1,0.2865,23.34286670000074,b1*/,/
18,17,3,4,1,0,1,0.503422,25.35495240000091,e2.?,?
18,18,1,5,3,0,1,1.02805,26.662000000000265,f4.?,?
18,19,3,5,3,0,1,0.9581349,28.624900000000707,f4.?,?
18,20,1,5,4,0,1,1.1416667,32.6882999999998,f5.?,?
18,21,2,5,3,0,1,0.9748676,33.124799999999595,f4.\,\
18,22,3,5,2,0,1,0.8134845,35.328700000000026,f3.?,?
18,23,2,5,2,0,1,0.9180026,37.02820000000065,f3.?,?
18,24,1,5,3,0,1,1.067875,37.05999999999949,f4.?,?
18,25,3,5,2,0,1,0.7934845,38.26980000000003,f3.=,=
18,26,1,5,3,0,1,1.0001916,40.359700000000885,f4.\,\
18,27,2,5,2,0,1,0.8758395,40.51009999999951,f3.\,\
18,28,3,5,2,0,1,0.8260565999999999,41.41020000000026,f3./,/
18,29,1,5,3,0,1,0.9890667,43.7414000000008,f4.=,=
18,30,2,1,1,0,1,0.5687096,43.82170000000042,b2.?,?
18,31,2,1,0,0,1,0.3291363,44.39040960000057,b1.?,?
18,32,3,6,2,0,1,0.7086996999999999,45.52930000000015,g3.?,?
18,33,1,5,3,0,1,0.9768084,47.16359999999986,f4.=,=
18,34,2,5,2,1,1,0.8339171000000001,47.31620000000112,f3*?,?
18,35,3,12,0,0,0,0.2784495,48.83371749999969,m1.?,?
18,36,3,8,0,0,1,0.1555067,49.112167000001136,i1.?,?
18,37,1,5,3,0,1,0.98795,50.75430000000051,f4.=,=
18,38,2,5,3,0,1,1.0551776999999998,54.711600000000544,f4.?,?
18,39,1,5,3,0,1,0.989875,54.82630000000063,f4.=,=
18,40,3,2,2,1,0,0.8162073000000001,56.97990000000027,c3*?,?
18,41,1,5,3,0,1,1.0174917,58.64270000000033,f4./,/
18,42,2,5,3,0,1,1.0005395,58.92720000000008,f4.\,\
18,43,3,5,2,0,1,0.8075187000000001,62.4997000000003,f3.?,?
18,44,1,5,3,0,1,1.0194829,62.51540000000023,f4.=,=
18,45,2,5,3,0,1,1.0204971,62.98550000000069,f4./,/
18,46,1,5,3,0,1,1.0295,66.33259999999973,f4.=,=
18,47,2,5,3,0,1,0.9662924,66.85089999999946,f4.\,\
18,48,1,5,3,0,1,1.0022666,70.00040000000081,f4.\,\
18,49,2,5,3,0,1,0.9838392,70.28590000000077,f4.=,=
18,50,1,5,3,0,1,0.9863833,73.60440000000017,f4.=,=
18,51,2,5,3,1,1,0.9736854,73.97490000000107,f4*=,=
18,52,2,5,3,0,1,0.9956919,77.60159999999996,f4./,/
18,53,1,4,1,1,1,0.5799167,77.66198330000043,e2*?,?
18,54,2,5,3,0,1,1.0169916,81.65279999999984,f4./,/
18,55,3,5,4,0,1,1.14084,82.54280000000108,f5.?,?
18,56,3,5,4,0,1,1.3031714,87.00140000000101,f5./,/
18,57,2,5,3,0,1,1.0454083,89.62960000000021,f4./,/
18,58,3,5,3,1,1,1.0260756,90.42660000000068,f4*?,?
18,59,2,5,3,0,1,1.0457417,93.58054170000104,f4.=,=
18,60,3,5,3,0,1,0.9515941,94.86130000000048,f4.\,\
18,61,4,5,4,0,1,1.2771114,95.04280000000108,f5.?,?
18,62,2,5,4,0,1,1.0967789,97.64600000000064,f5.?,?
18,63,1,1,2,0,1,0.8131136999999999,97.73290000000088,b3.?,?
18,64,1,1,0,1,0,0.2232908,98.54601370000093,b1*?,?
18,65,3,0,2,0,0,0.7958642,101.40500000000064,a3.?,?
18,66,3,1,0,0,0,0.2540734,102.20086420000008,b1.?,?
18,67,3,1,0,0,1,0.3255344,102.45493759999954,b1./,/
18,68,4,3,3,1,1,1.0451701,102.52200000000084,d4*?,?
18,69,1,4,1,1,0,0.6043584000000001,103.4718666000008,e2*?,?
18,70,2,5,3,0,1,0.9379677,105.59540000000015,f4.?,?
18,71,3,5,3,0,1,1.0546962,105.61180000000058,f4.?,?
18,72,4,3,3,0,1,0.9676584,107.28659999999944,d4.\,\
18,73,2,5,2,0,1,0.8131458,107.71190000000024,f3.?,?
18,74,5,5,2,0,1,0.9274173,108.91240000000109,f3.?,?
18,75,6,0,1,0,0,0.4623332,109.90390000000116,a2.?,?
18,76,6,1,0,1,1,0.3214822,110.36623320000037,b1*?,?
18,77,1,16,0,0,1,0.4300584,111.49283330000073,q1.?,?
18,78,2,5,2,0,1,0.8656621,111.67840000000068,f3./,/
18,79,1,1,0,0,1,0.11695,111.92289170000186,b1.?,?
18,80,1,1,0,1,0,0.219725,112.03984169999968,b1*/,/
18,81,1,8,0,0,0,0.2285166,113.81750000000102,i1.?,?
18,82,1,8,0,0,0,0.2320667,114.04601660000117,i1.=,=
18,83,1,3,0,0,0,0.1777082999999999,114.27808329999972,d1.?,?
18,84,1,1,0,1,0,0.212825,114.45579159999944,b1*?,?
18,85,1,8,0,0,0,0.2012,115.20692000000054,i1.?,?
18,86,1,8,0,0,0,0.2250584,115.40812000000004,i1./,/
18,87,1,3,0,0,0,0.1684749999999999,115.63317839999944,d1.?,?
18,88,1,1,0,0,0,0.1952833,115.80165339999984,b1.?,?
18,89,1,1,0,1,0,0.262375,115.99693669999942,b1*/,/
18,90,1,3,0,0,1,0.1474333,116.69147499999964,d1.?,?
18,91,4,3,2,0,1,0.81994,117.9472999999998,d3.?,?
18,92,1,8,0,0,0,0.2036166999999999,119.73949999999968,i1.?,?
18,93,1,8,0,0,0,0.2125417,119.94311670000025,i1.=,=
18,94,1,3,0,0,0,0.1462416,120.1556584000009,d1.?,?
18,95,1,1,0,0,0,0.1465,120.3019000000004,b1.?,?
18,96,1,1,0,0,1,0.2888583999999999,120.44840000000112,b1./,/
18,97,4,3,2,0,1,0.7915061000000001,121.26360000000022,d3.\,\
18,98,2,5,2,0,1,0.7939987000000001,122.2530000000006,f3.\,\
18,99,1,8,0,0,0,0.2081417,123.13540000000104,i1.?,?
18,100,1,8,0,0,0,0.21145,123.34354170000188,i1.=,=
18,101,1,3,0,0,0,0.1535916,123.55499170000076,d1.?,?
18,102,1,1,0,0,0,0.1626,123.70858330000192,b1.?,?
18,103,1,1,0,0,1,0.2902917,123.87118329999976,b1./,/
18,104,4,3,2,0,1,0.7804263999999999,124.33550000000103,d3.=,=
18,105,2,5,2,1,1,0.805409,125.07749999999942,f3*=,=
18,106,1,8,0,0,0,0.2114584,126.36508330000106,i1.?,?
18,107,1,8,0,0,0,0.2124333,126.57654170000023,i1.=,=
18,108,1,3,0,0,0,0.145625,126.78897499999948,d1.?,?
18,109,1,1,0,0,0,0.1512917,126.9346000000005,b1.?,?
18,110,1,1,0,0,1,0.2654833,127.0858917000005,b1./,/
18,111,4,3,2,1,1,0.7640217,127.98110000000088,d3*=,=
18,112,1,8,0,0,0,0.213675,129.84376669999983,i1.?,?
18,113,1,8,0,0,0,0.2097083,130.0574417000007,i1.=,=
18,114,1,1,0,0,0,0.1046833,130.26714999999967,b1.?,?
18,115,1,1,0,0,1,0.1763167,130.3718332999997,b1./,/
18,116,3,5,2,0,1,0.8169206,130.4928,f3.?,?
18,117,1,1,0,0,1,0.3018,130.5481499999987,b1./,/
18,118,4,3,2,0,1,0.7468285,131.16810000000078,d3.=,=
18,119,1,8,0,0,0,0.21865,132.92959999999948,i1.?,?
18,120,1,8,0,0,0,0.2014583999999999,133.1482500000002,i1.=,=
18,121,1,3,0,0,0,0.1314082999999999,133.34970840000096,d1.?,?
18,122,1,1,0,0,0,0.12,133.4811167000007,b1.?,?
18,123,1,1,0,1,0,0.2200083,133.6011166999997,b1*/,/
18,124,4,3,2,0,1,0.7347783,134.51879999999983,d3.=,=
18,125,1,5,2,0,1,0.8410582999999999,136.35599999999977,f3.?,?
18,126,2,5,2,1,1,0.7743730000000001,136.78280000000086,f3*\,\
18,127,4,3,2,0,1,0.745663,137.4308000000001,d3.=,=
18,128,2,5,2,0,1,0.8042204000000001,139.9362000000001,f3./,/
18,129,1,5,2,0,1,0.8137333000000001,140.11009999999987,f3.\,\
18,130,4,3,2,0,1,0.7272572,140.45039999999972,d3.=,=
18,131,3,5,2,0,1,0.8447039000000001,140.82190000000082,f3./,/
18,132,2,3,2,0,1,0.6850093,143.5059999999994,d3.?,?
18,133,1,5,2,0,1,0.8048833,143.52579999999944,f3.=,=
18,134,3,5,2,1,1,0.7836597000000001,143.59159999999974,f3*\,\
18,135,2,5,2,0,1,0.7990122999999999,146.81860000000052,f3.?,?
18,136,4,3,2,0,1,0.7302047,146.92779999999948,d3.=,=
18,137,1,5,2,0,1,0.806575,147.32870000000003,f3.=,=
18,138,4,3,2,0,1,0.7482952999999999,149.94250000000102,d3.=,=
18,139,2,5,2,0,1,0.7989151999999999,149.96219999999994,f3.=,=
18,140,2,5,2,0,1,0.7763913,153.1190999999999,f3.\,\
18,141,4,3,2,0,1,0.7579845000000001,153.41820000000007,d3.=,=
18,142,2,5,2,0,1,0.8252396,156.65940000000046,f3./,/
18,143,4,3,2,0,1,0.7769746,157.01729999999952,d3./,/
18,144,2,6,1,0,1,0.5566426,160.28679999999986,g2.?,?
18,145,3,3,2,0,1,0.7816633,160.5087999999996,d3.?,?
18,146,2,6,1,0,1,0.525226,163.57849999999962,g2.\,\
18,147,3,3,2,0,0,0.8051695000000001,164.04559999999947,d3./,/
19,0,2,3,0,0,0,0.43745,0.0,d1.?,?
19,1,2,5,2,0,0,0.8679999999999999,7.2123750000018845,f3.?,?
19,2,2,5,2,0,0,0.870725,11.300175000001218,f3.=,=
19,3,2,1,1,0,0,0.5976250000000001,17.914575000001605,b2.?,?
19,4,2,1,0,0,1,0.3794832999999999,18.51220000000103,b1.?,?
19,5,3,1,0,0,0,0.1211066,19.54717500000152,b1.?,?
19,6,3,6,1,0,0,0.5907431,28.822275000001355,g2.?,?
19,7,3,3,0,0,0,0.4037692,34.75817500000176,d1.?,?
20,0,2,5,2,0,0,0.8138177999999999,0.0,f3.?,?
20,1,2,2,2,1,0,0.7603212,7.188600000000406,c3*?,?
21,0,1,6,0,0,1,0.4203083999999999,0.0,g1.?,?
21,1,2,6,1,0,1,0.5086728,7.814399999999296,g2.?,?
21,2,1,5,2,0,1,0.7464,12.70260000000053,f3.?,?
21,3,2,5,2,0,1,0.7711056999999999,16.849500000000262,f3.?,?
21,4,1,1,1,0,1,0.4883667,17.02230000000054,b2.?,?
21,5,1,1,0,0,0,0.3053083,17.5106667,b1.?,?
21,6,1,5,2,0,1,0.7660832999999999,20.871100000000297,f3.?,?
21,7,2,5,2,0,1,0.7506056000000001,20.92289999999957,f3.=,=
21,8,2,5,2,0,1,0.7902767999999999,25.496399999999998,f3./,/
21,9,1,5,2,0,1,0.759325,25.5674999999992,f3.=,=
21,10,1,5,2,0,1,0.7812166999999999,29.006900000000314,f3./,/
21,11,2,5,2,0,0,0.9257805,29.949000000000524,f3./,/
21,12,2,5,2,0,1,0.9030722,33.88880000000063,f3.\,\
21,13,1,5,2,0,1,0.89385,38.53780000000006,f3./,/
21,14,2,5,3,0,1,1.010392,38.67720000000008,f4.?,?
21,15,2,5,4,0,1,1.0915008,44.61000000000058,f5.?,?
21,16,1,5,3,0,1,0.956275,45.16799999999967,f4.?,?
21,17,2,5,4,0,1,1.173025,48.98979999999938,f5./,/
21,18,1,5,3,0,1,0.9456667,50.32220000000052,f4.=,=
21,19,2,5,4,0,0,1.1877672,53.05749999999898,f5.=,=
21,20,2,5,4,0,1,1.1946962,56.65220000000045,f5.=,=
21,21,1,5,3,0,1,0.9677416,57.146199999999226,f4./,/
21,22,2,5,4,0,1,1.1961266000000002,60.29110000000037,f5.=,=
21,23,1,5,3,0,1,0.9564333,60.76699999999983,f4.=,=
21,24,2,5,4,0,1,1.1764519,64.19759999999951,f5.=,=
21,25,1,5,3,0,1,0.9585084,64.76829999999973,f4.=,=
21,26,2,5,4,0,1,1.1778959,68.07560000000012,f5.=,=
21,27,1,5,3,0,1,1.0144083,68.83660000000054,f4./,/
21,28,2,5,4,0,1,1.1819517,71.86779999999999,f5.=,=
21,29,1,5,3,0,1,1.033875,72.83849999999984,f4./,/
21,30,2,5,4,0,1,1.1855751,75.64259999999922,f5.=,=
21,31,1,5,3,1,1,1.0366667,76.87930000000051,f4*=,=
21,32,2,4,2,0,1,0.7329452999999999,80.06443690000015,e3.?,?
21,33,1,5,3,0,1,1.0271166,80.4966000000004,f4.=,=
21,34,2,5,4,0,1,1.2068386,83.64300000000003,f5.?,?
21,35,1,5,3,0,0,1.0380166,84.63529999999992,f4.=,=
21,36,1,5,3,0,0,1.0521083,88.39799999999923,f4.=,=
21,37,1,5,3,0,0,1.0684583,92.14350000000012,f4.=,=
21,38,1,5,3,0,0,1.0656083,95.80019999999968,f4.=,=
21,39,1,5,3,0,0,1.04845,99.4984999999997,f4.=,=
21,40,1,5,3,0,0,1.0675417,103.89799999999924,f4./,/
21,41,1,5,3,0,0,1.0302917,107.66729999999916,f4.\,\
21,42,1,5,3,0,1,1.018925,111.9436999999998,f4.=,=
21,43,3,1,0,1,0,0.1357837,116.8153999999995,b1*?,?
21,44,3,1,0,1,0,0.1663761,116.9511868999998,b1*/,/
21,45,4,5,2,0,0,0.7301359000000001,120.12169999999968,f3.?,?
21,46,4,6,2,0,0,0.6830812,124.4940000000006,g3.?,?
21,47,4,5,2,0,1,0.7726318999999999,128.89979999999923,f3.?,?
21,48,3,5,4,0,1,1.0942586,131.52900000000045,f5.?,?
21,49,4,5,2,0,1,0.7604409,134.4442999999992,f3.=,=
21,50,3,5,3,0,1,1.0244546,137.98689999999988,f4.?,?
21,51,4,5,2,0,1,0.7282136,140.15239999999903,f3.\,\
21,52,2,5,2,0,1,0.7313749,143.57560000000012,f3.?,?
21,53,3,5,3,0,1,1.0374729,143.69670000000042,f4.=,=
21,54,1,5,4,0,1,1.1263333,143.92399999999907,f5.?,?
21,55,2,5,3,0,1,1.0214035,147.4398000000001,f4.?,?
21,56,1,2,3,1,1,0.9342333,148.2453000000005,c4*?,?
21,57,3,2,1,0,1,0.565609,149.32541639999909,c2.?,?
21,58,1,5,3,1,1,1.034075,151.9964999999993,f4*?,?
21,59,2,4,2,0,1,0.6705687,152.47218059999977,e3.?,?
21,60,3,5,2,0,1,0.7530659000000001,153.60939999999937,f3.?,?
21,61,1,5,3,1,1,1.0480417000000002,155.66350000000057,f4*=,=
21,62,2,4,2,0,1,0.6210842000000001,156.33522719999928,e3.\,\
21,63,3,5,2,0,1,0.7510627,156.39969999999994,f3.=,=
21,64,1,5,3,1,1,1.0299167,159.16469999999936,f4*=,=
21,65,2,4,1,0,1,0.6056353999999999,160.21674650000023,e2.?,?
21,66,1,5,4,1,1,1.0887333,163.0583000000006,f5*?,?
21,67,2,4,2,0,1,0.6270302999999999,163.7768787999994,e3.?,?
21,68,1,5,3,0,0,1.0520833,166.7471999999998,f4.?,?
21,69,1,5,3,0,1,1.07485,170.46799999999894,f4./,/
21,70,2,3,3,0,1,0.9733872,176.27199999999905,d4.?,?
21,71,3,5,2,0,1,0.8286815,177.65389999999934,f3./,/
21,72,4,3,2,0,1,0.8646137,178.27019999999902,d3.?,?
21,73,3,5,2,0,1,0.8541109,181.03919999999923,f3./,/
21,74,1,5,2,0,1,0.8958917000000002,181.3151999999991,f3.?,?
21,75,2,3,2,0,0,0.8097639999999999,182.4483999999993,d3.?,?
21,76,2,1,1,0,1,0.4836055,185.03759999999968,b2.?,?
21,77,3,3,2,0,1,0.790852,185.5046999999995,d3.?,?
21,78,2,0,0,0,1,0.3361049,185.52120549999927,a1.?,?
21,79,1,5,2,0,1,0.8544900999999999,185.66109999999932,f3.\,\
21,80,2,1,1,0,0,0.4762317,188.3251,b2.?,?
21,81,2,1,0,1,0,0.3206562,188.80133170000045,b1*?,?
21,82,1,5,2,0,1,0.8482500000000001,189.4193999999989,f3.=,=
21,83,3,3,2,0,1,0.827222,189.52080000000024,d3./,/
21,84,2,5,2,0,1,0.7633198,192.73109999999903,f3.?,?
21,85,1,5,2,0,1,0.8334931999999999,193.46099999999933,f3.=,=
21,86,3,3,2,0,1,0.8396361000000001,193.4820999999993,d3.=,=
21,87,2,5,2,0,1,0.8152182,197.598,f3./,/
21,88,1,5,2,0,1,0.821225,197.8547999999992,f3.=,=
21,89,3,3,2,0,1,0.8021450999999999,197.9405999999999,d3.\,\
21,90,2,5,2,0,1,0.8155095,201.40840000000023,f3.=,=
21,91,1,5,2,0,1,0.83,201.83920000000035,f3.=,=
21,92,3,3,2,0,1,0.7905475,201.9297000000006,d3.=,=
21,93,2,5,2,0,1,0.8126677,205.3766999999989,f3.=,=
21,94,1,5,2,1,1,0.8683832999999999,206.05299999999988,f3*/,/
21,95,1,1,1,0,1,0.5606083000000001,210.134,b2.?,?
21,96,2,2,1,1,1,0.5544135,210.29811680000057,c2*?,?
21,97,2,5,2,0,1,0.8250293,213.6067999999996,f3.?,?
21,98,1,5,3,0,1,0.9305667,214.5583999999999,f4.?,?
21,99,2,5,2,0,1,0.8177277,217.3194999999996,f3.=,=
21,100,1,5,3,0,1,0.9664,218.97470000000067,f4./,/
21,101,3,3,3,0,1,0.9900942,219.5707999999995,d4.?,?
21,102,2,6,2,1,1,0.8631036999999999,221.42200000000048,g3*?,?
21,103,3,3,3,0,1,1.0066215,223.1849000000002,d4.=,=
21,104,1,0,0,0,0,0.2865916,223.49456669999927,a1.?,?
21,105,1,1,0,1,0,0.2046417,223.78115830000024,b1*?,?
21,106,2,5,2,0,1,0.7726364000000001,225.20069999999944,f3.?,?
21,107,1,5,2,0,1,0.8844583,227.55409999999935,f3.?,?
21,108,2,3,3,0,1,1.0003497,227.8896999999997,d4.?,?
21,109,3,5,2,0,1,0.7810942,228.55119999999988,f3.?,?
21,110,1,5,2,0,1,0.9230333,231.78039999999964,f3./,/
21,111,2,3,3,0,1,0.9350676,232.0110999999997,d4.\,\
21,112,1,5,2,0,1,0.9025667,236.07270000000065,f3.=,=
21,113,2,3,3,0,1,0.9532916,236.35419999999976,d4.=,=
21,114,2,3,3,0,0,0.9618074,240.48350000000028,d4.=,=
21,115,2,3,3,0,1,0.9833516,245.83179999999996,d4./,/
21,116,3,5,2,0,1,0.7794616,246.47079999999917,f3.=,=
21,117,2,3,3,0,1,0.9685108,249.97119999999995,d4.=,=
21,118,3,1,0,0,0,0.2534242,251.41239999999925,b1.?,?
21,119,3,0,0,0,0,0.1754197,251.6658241999994,a1.?,?
21,120,3,6,0,0,1,0.3909007,254.5038999999997,g1.?,?
21,121,2,1,1,0,0,0.5138884,258.8115999999991,b2.?,?
21,122,2,1,0,0,0,0.3177111,259.3254883999998,b1.?,?
21,123,2,5,4,0,0,1.1214681,276.59809999999925,f5.?,?
21,124,2,5,2,0,0,0.9207646,279.8158999999996,f3.?,?
21,125,2,3,2,0,1,0.8056846,283.373599999999,d3.?,?
21,126,3,1,1,0,0,0.5697611,289.09720000000016,b2.?,?
21,127,3,1,0,1,0,0.3126728,289.6669610999997,b1*?,?
21,128,3,2,1,0,0,0.5561374,292.85335769999983,c2.?,?
21,129,3,1,0,0,0,0.4404742,295.5120999999999,b1.?,?
21,130,3,1,0,0,1,0.2963261,295.9525742000005,b1.\,\
21,131,2,5,4,0,0,1.1091704,314.03900000000067,f5.?,?
21,132,2,5,3,0,1,1.0674559,318.20989999999983,f4.?,?
21,133,3,5,2,0,1,0.6961507,319.1862000000001,f3.?,?
21,134,2,3,4,0,1,1.1290581,323.39849999999933,d5.?,?
21,135,3,5,2,0,1,0.8343442999999999,323.83510000000024,f3./,/
21,136,4,5,3,0,1,1.0689328,326.5216999999993,f4.?,?
21,137,2,3,4,0,1,1.101073,327.6801999999989,d5.\,\
21,138,3,2,1,0,1,0.5096726,327.9441000000006,c2.?,?
21,139,4,5,4,0,1,1.1114969,330.5030000000006,f5.?,?
21,140,2,3,3,0,1,1.0665186,331.5586000000003,d4.?,?
21,141,3,4,2,0,1,0.7218558,334.4395999999997,e3.?,?
21,142,2,3,3,1,1,1.0225528000000002,334.72569999999905,d4*\,\
21,143,2,3,2,0,1,0.9238565,337.08649999999943,d3.?,?
21,144,3,5,3,0,1,1.0086231,338.02319999999963,f4.?,?
21,145,2,3,2,1,1,0.8320603,338.8184999999994,d3*\,\
21,146,4,1,0,0,1,0.1799162,339.09147630000007,b1.?,?
21,147,2,3,2,0,1,0.7657319,340.3135999999995,d3.\,\
21,148,3,3,2,0,1,0.7037385999999999,341.95390000000043,d3.?,?
21,149,4,5,3,1,1,0.9719763,343.71140000000014,f4*?,?
21,150,3,3,2,0,1,0.7565726,345.97149999999965,d3./,/
21,151,2,2,1,0,1,0.5583722,346.16977550000047,c2.?,?
21,152,3,5,3,0,1,0.9822109,348.0615999999991,f4.?,?
21,153,4,3,2,0,1,0.7333132,349.3292000000001,d3.?,?
21,154,2,1,1,0,1,0.4753406,352.1929999999993,b2.?,?
21,155,3,5,2,0,1,0.8359044,352.54199999999946,f3.?,?
21,156,2,0,0,0,1,0.2968687,352.6683405999993,a1.?,?
21,157,2,5,2,0,0,0.7880108,356.0537000000004,f3.?,?
21,158,2,5,2,0,1,0.7699393,359.04149999999936,f3.=,=
21,159,3,3,0,0,1,0.236217,359.4940999999999,d1.?,?
21,160,4,3,3,0,1,0.9733011,359.5108,d4.?,?
21,161,2,5,2,0,1,0.8230210000000001,362.9301999999989,f3./,/
21,162,3,3,3,0,1,1.0130381000000002,366.0223000000005,d4.?,?
21,163,2,5,2,0,0,0.8273051000000001,366.66339999999946,f3.=,=
21,164,2,3,3,0,1,1.0742521,369.7245999999996,d4.?,?
21,165,3,5,4,0,1,1.0872432,370.3163000000004,f5.?,?
21,166,2,3,4,0,1,1.1384136,373.5962,d5.?,?
21,167,3,5,4,0,1,1.1546952,374.9966999999997,f5./,/
21,168,2,3,4,0,1,1.1580024,377.71459999999934,d5./,/
21,169,3,5,4,0,1,1.1560496,379.4408000000003,f5.=,=
21,170,2,5,4,1,1,1.177566,383.79099999999926,f5*?,?
21,171,3,4,2,0,1,0.6752491,385.8871313,e3.?,?
21,172,2,5,4,0,1,1.0838883,387.4336000000003,f5.\,\
21,173,3,5,3,0,1,1.0699353,388.7734,f4.?,?
21,174,2,5,2,0,1,0.7719489,391.4845999999998,f3.?,?
21,175,3,3,4,0,1,1.369019,395.09169999999904,d5.?,?
21,176,2,5,2,0,0,0.7940216,397.52419999999984,f3./,/
21,177,2,1,1,0,0,0.4684774,400.51770000000033,b2.?,?
21,178,2,1,0,0,0,0.2892194999999999,400.9861774000001,b1.?,?
21,179,2,5,2,0,1,0.7507937,403.8694999999989,f3.?,?
21,180,3,3,4,0,1,1.3277226,404.0893999999989,d5.\,\
21,181,2,1,1,0,0,0.495982,406.8786999999993,b2.?,?
21,182,2,1,0,0,1,0.3309282999999999,407.37468199999967,b1.?,?
21,183,3,3,4,0,0,1.3219157,408.5234,d5.=,=
21,184,3,3,4,1,0,1.32297,413.51770000000033,d5*=,=
21,185,3,4,2,1,1,0.6374899999999999,427.528530399999,e3*?,?
21,186,2,2,1,0,0,0.5888584,451.5449666000004,c2.?,?
21,187,2,5,2,1,0,0.7176,454.3788000000004,f3*?,?
21,188,2,2,2,0,0,0.7539545999999999,458.35399999999936,c3.?,?
21,189,2,1,1,0,0,0.4547105999999999,461.9609,b2.?,?
21,190,2,0,0,0,0,0.2836006,462.4156105999991,a1.?,?
21,191,2,1,1,0,0,0.4831999999999999,465.71320000000014,b2.?,?
21,192,2,1,0,0,0,0.3078834,466.1963999999989,b1.?,?
21,193,2,5,2,0,0,0.7659416,469.4869999999992,f3.?,?
21,194,2,5,2,0,0,0.8344499999999999,473.03310000000056,f3./,/
21,195,2,1,1,0,0,0.5251334000000001,476.0671999999995,b2.?,?
21,196,2,1,0,0,0,0.341075,476.5923333999999,b1.?,?
21,197,2,5,2,0,0,0.834425,478.2099999999991,f3.?,?
21,198,2,5,2,0,1,0.7515738000000001,483.3860999999997,f3.\,\
21,199,1,5,4,0,1,1.1183506,483.9814000000006,f5.?,?
21,200,2,5,2,1,1,0.8151432000000001,487.3037999999997,f3*/,/
21,201,1,4,2,0,0,0.6248173,488.2277660999989,e3.?,?
21,202,1,5,3,1,1,1.0742847,492.4351999999999,f4*?,?
21,203,2,6,0,0,0,0.24295,512.3225665999998,g1.?,?
21,204,2,6,0,1,0,0.1601167,512.5655165999997,g1*\,\
21,205,2,6,0,0,0,0.372175,515.6890999999996,g1./,/
21,206,2,6,0,0,0,0.345575,519.3994999999995,g1.\,\
21,207,2,6,1,0,0,0.4777167,522.0108999999993,g2.?,?
21,208,2,3,0,0,0,0.3402832999999999,524.1062999999995,d1.?,?
21,209,2,5,2,0,0,0.7622167,527.7008999999998,f3.?,?
21,210,2,5,2,0,0,0.8260083,531.5242999999991,f3./,/
21,211,2,5,2,0,1,0.8003666999999999,534.9104000000007,f3.\,\
21,212,3,5,4,0,1,1.2171687,537.9689999999991,f5.?,?
21,213,2,5,2,0,0,0.8359097000000001,538.2816000000003,f3./,/
21,214,2,5,4,0,0,1.2449084,542.1396999999997,f5.?,?
21,215,2,5,4,0,1,1.2647078,546.6507999999994,f5./,/
21,216,3,5,4,0,1,1.1056463,546.9962999999989,f5.\,\
21,217,2,5,4,0,1,1.2613812,551.2158,f5.=,=
21,218,3,5,3,0,1,0.97666,551.9498000000003,f4.?,?
21,219,2,5,4,0,0,1.1262917,566.7623000000003,f5.\,\
21,220,2,5,4,0,1,1.1646666,574.5913,f5./,/
21,221,1,5,4,0,1,1.235475,592.3451000000005,f5.?,?
21,222,2,5,4,0,0,1.1704544,594.0473000000002,f5.=,=
21,223,2,5,3,0,1,1.0572295,596.7191000000003,f4.?,?
21,224,1,5,4,0,0,1.1523917,598.6162000000004,f5.\,\
21,225,1,5,4,0,0,1.1503583,603.0627999999997,f5.=,=
21,226,1,5,4,1,1,1.1101,607.4341999999997,f5*\,\
21,227,2,4,2,0,0,0.7242219,608.062869899999,e3.?,?
21,228,2,1,2,1,1,0.8473771,612.1581999999999,b3*?,?
21,229,1,4,2,0,1,0.6871,612.7207249999992,e3.?,?
21,230,2,1,0,0,1,0.3086782,613.0055771000007,b1.?,?
21,231,1,1,2,1,1,0.8026082999999999,616.5769999999993,b3*?,?
21,232,2,4,2,0,1,0.6600634999999999,617.1947084999993,e3.?,?
21,233,1,1,0,1,1,0.2931249999999999,617.3796082999997,b1*?,?
21,234,1,5,4,0,1,1.11915,621.2965999999997,f5.?,?
21,235,2,4,2,0,1,0.6780580999999999,621.6350344999992,e3.=,=
21,236,1,1,2,1,1,0.8007,625.6104999999989,b3*?,?
21,237,2,4,2,0,1,0.6581809000000001,626.3036940999991,e3.=,=
21,238,1,1,0,0,1,0.2691667,626.4112000000005,b1.?,?
21,239,1,2,2,1,1,0.8934417,630.1180000000004,c3*?,?
21,240,2,4,2,0,1,0.6303221,630.6553564999995,e3.\,\
21,241,1,1,0,1,0,0.3102749999999999,631.0114417000004,b1*?,?
21,242,1,4,2,0,1,0.6516249999999999,634.8127583000005,e3.?,?
21,243,2,4,2,0,1,0.6589911,635.1959272000004,e3./,/
21,244,1,0,2,1,1,0.8035333,638.7181,a3*?,?
21,245,1,1,0,0,1,0.2323666999999999,639.5216332999989,b1.?,?
21,246,2,4,2,0,1,0.6430198,639.6444843999998,e3.=,=
21,247,1,1,2,1,1,0.7894166,643.418099999999,b3*?,?
21,248,2,4,1,0,1,0.5939304,644.0997162999993,e2.?,?
21,249,1,1,0,0,1,0.2492167,644.2075165999995,b1.?,?
21,250,1,1,2,1,1,0.8289084,647.9868000000006,b3*?,?
21,251,2,4,2,0,1,0.6252527999999999,648.5552991999994,e3.?,?
21,252,1,1,0,0,1,0.2560166,648.8157084000013,b1.?,?
21,253,2,5,4,0,1,1.0919565,659.4697999999989,f5.?,?
21,254,1,1,2,1,0,0.923125,669.6836999999996,b3*?,?
21,255,2,4,2,0,0,0.7408761,672.1284570999997,e3.?,?
21,256,2,5,4,1,0,1.279525,684.3065999999999,f5*?,?
21,257,2,4,2,0,1,0.6326833,689.2899701000006,e3.?,?
21,258,3,5,4,1,1,1.3295071,690.0853999999999,f5*?,?
21,259,1,4,2,0,1,0.8572416,690.8682083999993,e3.?,?
21,260,2,5,3,0,1,0.9916902,692.562899999999,f4.?,?
21,261,3,5,4,0,1,1.2640235000000002,694.0689000000002,f5.\,\
21,262,1,5,4,0,1,1.101425,695.1399999999994,f5.?,?
21,263,4,5,2,0,1,0.8980555,695.534099999999,f3.?,?
21,264,2,5,3,1,1,0.9848812,698.7638999999999,f4*=,=
21,265,3,1,2,0,1,0.8309725,699.0923000000003,b3.?,?
21,266,1,4,2,0,1,0.6851582999999999,699.3102249999993,e3.?,?
21,267,3,1,0,0,1,0.3050068999999999,699.9232725000002,b1.?,?
21,268,2,5,3,1,1,0.9368239,702.6402999999991,f4*\,\
21,269,3,4,2,0,1,0.6601439,703.2194815999992,e3.?,?
21,270,1,5,4,1,1,1.179475,704.7343999999994,f5*?,?
21,271,2,5,3,0,1,0.9364153,705.8313999999991,f4.=,=
21,272,3,4,1,0,1,0.5833027,705.9138478000004,e2.?,?
21,273,2,6,3,0,0,0.9431956,708.7530000000006,g4.?,?
21,274,2,5,2,0,0,0.8981394,712.0452999999998,f3.?,?
21,275,2,5,2,0,0,0.8746667,721.7494000000006,f3.\,\
21,276,2,5,3,0,0,0.9584166,726.2153999999991,f4.?,?
21,277,2,0,2,0,0,0.6461281000000001,734.509399999999,a3.?,?
21,278,2,1,0,0,0,0.2177559,735.1555281000001,b1.?,?
21,279,2,1,0,0,0,0.2387321,735.3732839999993,b1./,/
21,280,2,5,4,0,0,1.1533666,751.9625999999989,f5.?,?
21,281,2,0,2,0,0,0.682175,756.1222999999991,a3.?,?
21,282,2,0,0,0,0,0.2031917,756.804474999999,a1.?,?
21,283,2,5,2,0,0,0.8339,760.2672999999995,f3.?,?
21,284,2,5,2,0,0,0.7487333,763.1530999999995,f3.\,\
21,285,2,2,2,0,0,0.7337750000000001,802.610999999999,c3.?,?
21,286,2,3,0,0,0,0.3242916999999999,803.3447749999996,d1.?,?
21,287,2,2,2,0,0,0.7114999999999999,806.3145000000004,c3.?,?
21,288,2,1,0,0,0,0.22485,807.0259999999998,b1.?,?
21,289,2,5,3,0,0,0.9850867,818.2795999999998,f4.?,?
21,290,2,5,2,0,0,0.917475,822.3123999999989,f3.?,?
21,291,2,5,2,0,0,0.8604444,829.1363999999994,f3.\,\
21,292,2,5,2,0,0,0.8256869,1234.2409000000007,f3.\,\
21,293,2,5,2,0,1,0.8129524,1237.1912000000011,f3.=,=
21,294,1,5,2,0,1,0.828325,1237.2426999999989,f3.?,?
21,295,2,5,2,0,1,0.8077312999999999,1240.5217999999986,f3.=,=
21,296,1,5,2,1,1,0.8120499999999999,1240.605199999998,f3*=,=
21,297,1,5,2,0,1,0.8317167000000001,1243.7066000000011,f3./,/
21,298,2,2,1,0,1,0.55865,1243.8888167000005,c2.?,?
21,299,1,5,2,0,1,0.8067667,1246.696899999999,f3.\,\
21,300,2,5,2,0,1,0.8009888,1246.8336999999992,f3.?,?
21,301,1,5,2,0,1,0.8146249999999999,1249.9127999999982,f3.=,=
21,302,2,5,2,0,1,0.7887795,1250.0040000000008,f3.=,=
21,303,2,5,2,0,1,0.7907833,1252.8846999999987,f3.=,=
21,304,1,5,2,0,1,0.8154332999999999,1252.9432000000015,f3.=,=
21,305,1,5,2,0,1,0.8327916999999999,1256.1337999999996,f3.=,=
21,306,2,6,1,0,0,0.5283260000000001,1256.6075999999994,g2.?,?
21,307,2,5,4,0,1,1.2983791,1265.5512999999992,f5.?,?
21,308,1,5,3,0,1,1.0134416,1265.9596999999994,f4.?,?
21,309,2,5,4,0,1,1.228251,1270.3440999999984,f5.\,\
21,310,1,5,3,0,1,0.991525,1270.9520000000011,f4.\,\
21,311,2,5,4,0,1,1.2449104,1274.3816000000006,f5.=,=
21,312,1,5,3,0,1,1.01,1274.857,f4./,/
21,313,2,5,4,0,1,1.2685211,1278.6768999999986,f5./,/
21,314,1,5,3,0,1,1.0208583999999998,1279.2052000000003,f4.=,=
21,315,2,5,4,1,1,1.2267787,1282.9395000000004,f5*\,\
21,316,1,4,2,0,1,0.6676167,1283.4286249999968,e3.?,?
21,317,2,5,4,1,1,1.1820328,1286.9808000000012,f5*\,\
21,318,1,4,2,0,1,0.6885333,1287.9627500999995,e3./,/
21,319,2,5,4,0,1,1.1803163,1290.8379999999995,f5.=,=
21,320,1,5,4,0,1,1.10305,1291.5666999999994,f5.?,?
21,321,2,5,4,0,1,1.2312113999999998,1294.949099999998,f5./,/
21,322,1,5,4,0,1,1.0899500000000002,1295.503499999999,f5.=,=
21,323,2,5,4,1,1,1.2631496,1298.743699999999,f5*/,/
21,324,1,4,2,0,1,0.6810924,1300.0970500000003,e3.?,?
21,325,2,5,4,1,1,1.2790844,1303.184000000001,f5*=,=
21,326,1,4,2,0,1,0.6648167,1304.290975,e3.=,=
21,327,2,5,4,1,1,1.2864954,1307.320800000001,f5*=,=
21,328,1,4,2,0,1,0.6858917,1308.4491082999994,e3./,/
21,329,2,5,4,1,1,1.3023952,1311.1974999999984,f5*=,=
21,330,1,4,2,0,1,0.705725,1312.4549082999984,e3./,/
21,331,2,5,4,1,1,1.2722516,1315.274300000001,f5*\,\
21,332,1,4,2,0,1,0.7135917,1316.2182749999993,e3.=,=
21,333,2,5,4,1,1,1.2862331,1319.0423999999985,f5*=,=
21,334,1,4,2,0,0,0.6733916,1320.2929417000014,e3.\,\
21,335,1,1,2,0,0,0.842425,1323.9909000000007,b3.?,?
21,336,1,1,0,0,1,0.3084584,1324.8333249999996,b1.?,?
21,337,2,5,4,1,1,1.3439091,1327.6002999999982,f5*/,/
21,338,1,4,2,0,1,0.7205603,1328.7234396999993,e3.?,?
21,339,2,5,4,0,0,1.3483417,1331.8387000000002,f5.=,=
21,340,2,5,4,0,0,1.31115,1335.844000000001,f5.\,\
21,341,2,5,4,0,0,1.2857167,1340.096300000001,f5.\,\
21,342,2,5,4,0,0,1.2851333,1344.3473000000013,f5.=,=
21,343,2,5,4,1,1,1.2905452,1348.5096000000012,f5*=,=
21,344,1,4,2,1,0,0.6904165999999999,1349.8737499999988,e3*\,\
21,345,3,6,1,0,1,0.4701287999999999,1351.9808000000012,g2.?,?
21,346,2,5,4,0,0,1.2380666,1352.6879999999985,f5.\,\
21,347,2,5,4,1,1,1.2964729,1356.530999999999,f5*/,/
21,348,1,4,2,0,1,0.700275,1357.4623167000027,e3.=,=
21,349,2,5,4,0,1,1.2481443,1360.3568000000014,f5.\,\
21,350,1,2,3,0,1,1.0015083,1361.203300000001,c4.?,?
21,351,3,1,0,0,1,0.389625,1361.4540000000015,b1.?,?
21,352,3,1,0,0,1,0.2619635,1361.843625000001,b1.\,\
21,353,1,1,0,0,1,0.2979667,1362.2048083000009,b1.?,?
21,354,3,6,1,0,1,0.543088,1362.9343999999985,g2.?,?
21,355,2,5,4,1,1,1.2503205,1363.9182,f5*=,=
21,356,1,4,2,0,1,0.72255,1365.6087499999994,e3.?,?
21,357,3,5,2,0,1,0.8382923,1367.3212999999996,f3.?,?
21,358,2,5,4,1,1,1.3001859999999998,1367.5614999999998,f5*/,/
21,359,1,4,2,0,1,0.7213499999999999,1369.7653083000005,e3.=,=
21,360,3,5,2,0,1,0.7972957,1371.2222000000002,f3.\,\
21,361,2,5,3,0,0,0.9779915999999998,1382.753499999999,f4.?,?
21,362,2,2,2,0,0,0.6195083,1386.141299999999,c3.?,?
21,363,2,1,0,0,0,0.1917417,1386.7608082999975,b1.?,?
21,364,2,2,1,1,0,0.5268667,1389.5845999999983,c2*?,?
21,365,2,1,0,0,0,0.1740833,1390.1684166999985,b1.?,?
21,366,2,5,2,0,0,0.7667083000000001,1396.271499999999,f3.?,?
21,367,2,5,2,0,0,0.765125,1402.3724000000002,f3.=,=
21,368,2,5,2,0,0,0.911825,1409.7759000000003,f3./,/
21,369,2,2,2,0,0,0.9067167,1419.9170000000013,c3.?,?
21,370,2,1,0,0,0,0.2786166,1420.823716700001,b1.?,?
21,371,2,2,2,0,0,0.73365,1429.1660999999986,c3.?,?
21,372,2,3,0,0,0,0.3063417,1429.8997499999969,d1.?,?
21,373,2,2,2,0,0,0.7608666,1433.7599999999984,c3.?,?
21,374,2,3,0,1,0,0.3044,1434.5208666,d1*?,?
21,375,2,4,2,0,0,0.717425,1438.633099999999,e3.?,?
21,376,2,3,0,0,0,0.2564667,1439.350524999998,d1.?,?
21,377,2,1,0,0,0,0.2237,1439.6069916999986,b1.?,?
21,378,2,5,2,1,0,0.909025,1442.9184999999998,f3*?,?
21,379,2,5,2,1,0,0.8256334,1446.2080999999998,f3*\,\
21,380,2,5,2,1,0,0.8778333,1453.7586999999985,f3*/,/
21,381,2,4,1,1,0,0.5119584,1457.9046999999991,e2*?,?
21,382,2,2,1,0,1,0.5394473,1461.7100167000026,c2.?,?
21,383,1,5,4,0,0,1.2202333,1499.550599999999,f5.?,?
21,384,1,5,4,0,1,1.1449333,1505.301800000001,f5.\,\
21,385,2,3,3,0,1,1.0652464,1505.410899999999,d4.?,?
21,386,1,5,3,0,1,1.0572583,1509.607100000001,f4.?,?
21,387,2,3,3,0,1,1.0172528,1509.8763,d4.\,\
21,388,2,3,3,0,1,0.9366183,1513.230100000001,d4.\,\
21,389,1,5,3,0,1,0.9682667,1513.4822999999997,f4.\,\
21,390,2,3,2,0,1,0.8423354,1515.424500000001,d3.?,?
21,391,1,5,2,0,1,0.9128667,1515.8292,f3.?,?
21,392,3,5,4,0,1,1.0952986,1516.3862999999983,f5.?,?
21,393,2,3,2,0,1,0.7772375,1516.9740999999997,d3.\,\
21,394,1,8,2,1,1,0.8011333,1517.2262999999984,i3*?,?
21,395,3,4,2,0,1,0.6826604,1520.333956099999,e3.?,?
21,396,2,3,2,0,1,0.7550950999999999,1520.5283999999992,d3.\,\
21,397,1,5,2,1,1,0.8077417,1520.6290999999983,f3*?,?
21,398,3,4,2,0,1,0.70316,1524.1613709999983,e3./,/
21,399,2,3,2,0,1,0.7623649,1524.1980000000003,d3.=,=
21,400,1,5,2,0,1,0.8556832999999999,1527.355599999999,f3./,/
21,401,2,3,2,1,1,0.8155733000000001,1527.3849999999984,d3*/,/
21,402,1,8,0,0,0,0.2449584,1716.991433299998,i1.?,?
21,403,1,8,0,0,1,0.2232,1717.2363916999966,i1.\,\
21,404,2,3,3,0,1,0.9608118,1717.4314999999988,d4.?,?
21,405,1,3,0,0,1,0.1377833,1717.459591699997,d1.?,?
21,406,1,1,0,0,0,0.1597666999999999,1717.5973749999976,b1.?,?
21,407,1,1,0,1,0,0.2985166,1717.7571416999965,b1*/,/
21,408,1,12,0,0,0,0.335625,1721.082033300001,m1.?,?
21,409,1,3,0,0,0,0.1361667,1721.4176583000008,d1.?,?
21,410,1,1,0,0,1,0.1166833,1721.5538250000027,b1.?,?
21,411,2,3,2,0,1,0.9199125,1721.6075999999994,d3.?,?
21,412,1,1,0,0,1,0.186575,1721.6705083000015,b1./,/
21,413,1,1,0,0,0,0.311375,1721.8570833000012,b1./,/
21,414,1,3,0,0,0,0.12315,1725.0445,d1.?,?
21,415,1,3,0,0,0,0.1316417,1725.1676499999994,d1.=,=
21,416,1,3,0,0,0,0.1284416,1725.299291700001,d1.=,=
21,417,1,3,0,0,0,0.137175,1725.427733299999,d1.=,=
21,418,1,1,0,0,0,0.117025,1725.564908299999,b1.?,?
21,419,1,1,0,1,0,0.1990167,1725.6819332999985,b1*/,/
21,420,1,5,2,0,0,0.87825,1729.6252999999997,f3.?,?
21,421,1,5,2,0,1,0.85415,1734.712199999998,f3.\,\
21,422,2,3,2,0,1,0.927527,1734.712199999998,d3.=,=
21,423,2,3,2,0,1,0.883649,1739.6798999999992,d3.\,\
21,424,1,5,4,0,1,1.11705,1748.4995999999992,f5.?,?
21,425,2,3,3,0,0,1.0632274,1749.148799999999,d4.?,?
21,426,2,3,3,0,1,1.0799416,1753.6391000000003,d4.=,=
21,427,1,5,3,0,1,1.0714083,1753.6476000000002,f4.?,?
21,428,2,6,2,0,1,0.8126785,1802.0041999999996,g3.?,?
21,429,3,6,0,0,0,0.3651913,1803.8737,g1.?,?
21,430,3,3,0,1,0,0.2439804,1808.5293999999997,d1*?,?
21,431,2,1,0,0,0,0.4433607,1809.4055999999985,b1.?,?
21,432,2,0,0,0,1,0.319886,1809.8489606999972,a1.?,?
21,433,3,5,2,0,1,0.8077253,1810.6221000000005,f3.?,?
21,434,2,6,2,0,1,0.7360094999999999,1812.5714999999984,g3.?,?
21,435,3,3,2,1,0,0.6523786,1813.0685000000008,d3*?,?
21,436,2,2,1,0,1,0.5284234,1815.685158199998,c2.?,?
21,437,3,1,1,0,1,0.4985334999999999,1815.9716999999985,b2.?,?
21,438,3,0,0,0,1,0.3151045,1816.4702334999963,a1.?,?
21,439,2,6,2,0,1,0.7520881,1818.6526999999987,g3.?,?
21,440,3,1,1,0,0,0.5061776,1819.2180000000008,b2.?,?
21,441,3,1,0,0,0,0.3132589,1819.724177600001,b1.?,?
21,442,3,8,0,0,0,0.2221,1820.606670000001,i1.?,?
21,443,3,8,0,1,0,0.2081,1820.82877,i1*=,=
21,444,3,1,0,0,0,0.114508,1821.074195000001,b1.?,?
21,445,3,1,1,0,0,0.5095898,1822.3734000000004,b2.?,?
21,446,3,0,0,0,1,0.3258073,1822.8829898000004,a1.?,?
21,447,2,5,2,0,1,0.7330245,1823.5103999999992,f3.?,?
21,448,3,1,1,0,1,0.4927515,1825.326799999999,b2.?,?
21,449,2,6,2,0,1,0.7895660999999999,1825.6263,g3.?,?
21,450,3,1,0,1,1,0.3137843999999999,1825.819551500001,b1*?,?
21,451,2,3,0,0,1,0.4418744,1827.1892000000007,d1.?,?
21,452,3,0,0,1,1,0.3861036,1827.2450613,a1*?,?
21,453,2,3,2,1,0,0.6158032,1829.6227,d3*?,?
21,454,3,2,1,0,1,0.5491532,1832.1716713999997,c2.?,?
21,455,2,1,0,0,0,0.3944083,1832.8316999999988,b1.?,?
21,456,2,1,0,0,0,0.268625,1833.2261082999976,b1.\,\
21,457,2,6,2,0,1,0.75086,1834.573199999999,g3.?,?
21,458,3,6,2,0,1,0.7512729,1834.579000000001,g3.?,?
21,459,2,6,2,0,1,0.7454917000000001,1836.639500000001,g3.=,=
21,460,3,6,2,0,1,0.7456187999999999,1836.6470000000008,g3.=,=
21,461,1,5,3,0,1,1.019675,1840.2667,f4.\,\
21,462,2,5,2,0,1,0.794025,1843.175800000001,f3.?,?
21,463,1,5,3,0,1,1.0788583,1846.9088999999983,f4./,/
21,464,2,6,2,0,0,0.759975,1849.7530000000008,g3.?,?
21,465,2,1,1,0,0,0.4846665999999999,1852.2134000000003,b2.?,?
21,466,2,1,0,0,0,0.2884334,1852.6980666000015,b1.?,?
21,467,2,5,2,0,0,0.8188582999999999,1855.1394,f3.?,?
21,468,2,6,0,0,1,0.4405583,1857.4524999999996,g1.?,?
21,469,3,6,0,0,1,0.3786167,1860.074099999998,g1.?,?
21,470,2,1,0,1,0,0.2302751,1861.7314000000008,b1*?,?
21,471,3,6,0,0,1,0.365775,1863.6722000000009,g1.=,=
21,472,2,3,0,0,1,0.3757269,1863.9010999999991,d1.?,?
21,473,2,3,0,1,0,0.3914170999999999,1865.1127000000013,d1*=,=
21,474,4,5,2,0,0,0.84995,1867.2187999999987,f3.\,\
21,475,4,5,2,1,0,0.82415,1871.0244999999995,f3*\,\
21,476,4,2,1,0,1,0.5746,1873.882849999998,c2.?,?
21,477,2,5,2,0,1,0.8488832999999999,1878.1844999999996,f3.?,?
21,478,1,5,2,0,1,0.8859675,1880.8247999999985,f3.?,?
21,479,5,3,0,0,1,0.377682,1881.2426000000012,d1.?,?
21,480,2,5,2,0,1,0.8053243,1881.589100000001,f3.\,\
21,481,1,5,2,0,1,0.8799,1884.0913,f3.=,=
21,482,3,5,3,0,1,0.9557787,1884.7259999999987,f4.?,?
21,483,4,5,2,0,1,0.7602213,1885.6530999999995,f3.?,?
21,484,1,5,2,0,1,0.8463916999999999,1888.6418000000008,f3.\,\
21,485,3,5,2,0,1,0.8812492000000001,1888.833200000001,f3.?,?
21,486,2,5,2,0,1,0.8775277,1892.6990000000003,f3./,/
21,487,1,5,2,1,1,0.8346666999999999,1892.9192000000005,f3*=,=
21,488,1,5,2,0,1,0.8433333000000001,1897.3997999999992,f3.=,=
21,489,3,4,2,0,1,0.6328406999999999,1897.4762917000007,e3.?,?
21,490,1,5,2,1,1,0.8982834,1901.9928,f3*/,/
21,491,3,4,2,0,1,0.6181133,1902.5956446000016,e3.=,=
21,492,2,5,2,0,1,0.9133559,1905.9465999999995,f3./,/
21,493,1,5,2,0,1,0.8765334,1906.231,f3.\,\
21,494,1,5,2,0,1,0.8924916,1910.815999999999,f3.=,=
21,495,2,5,3,0,1,1.0382136,1912.0605,f4.?,?
21,496,1,5,2,0,1,0.9098583,1914.9101999999984,f3.=,=
21,497,2,5,3,0,0,1.0709346000000002,1917.0897000000004,f4./,/
21,498,2,5,3,0,0,1.0786749,1920.7454,f4.=,=
21,499,2,5,4,1,1,1.136282,1924.1735000000008,f5*?,?
21,500,1,4,2,1,0,0.6274249999999999,1925.3710327000008,e3*?,?
21,501,2,5,4,0,1,1.1783799999999998,1928.3404999999984,f5./,/
21,502,1,5,3,0,1,1.0251,1929.1565999999984,f4.?,?
21,503,2,3,4,0,1,1.246301,1932.069199999998,d5.?,?
21,504,1,5,3,0,1,0.9940583,1932.7612000000008,f4.\,\
21,505,2,5,4,0,1,1.2132589,1935.791799999999,f5.?,?
21,506,1,5,3,0,1,1.0115082999999998,1936.32,f4.=,=
21,507,2,5,4,0,0,1.2487167,1939.5311,f5./,/
21,508,2,5,4,0,0,1.243475,1943.2141999999983,f5.=,=
21,509,2,5,4,0,0,1.24775,1947.1846000000005,f5.=,=
21,510,2,5,4,0,0,1.253825,1950.851500000001,f5.=,=
21,511,2,5,4,0,1,1.2820667,1954.7818000000009,f5./,/
21,512,4,5,4,0,1,1.2677761,1958.5443000000012,f5.?,?
21,513,2,6,0,0,1,0.3497451,1958.5443000000012,g1.?,?
21,514,1,5,4,1,1,1.1465686,1959.517499999998,f5*?,?
21,515,3,3,0,0,1,0.2490513,1960.5818079000016,d1.?,?
21,516,2,6,0,0,1,0.3599042,1962.3368999999984,g1.=,=
21,517,4,5,4,0,1,1.2915099,1962.572400000001,f5./,/
21,518,1,5,4,0,1,1.10535,1963.366399999999,f5.\,\
21,519,2,1,1,0,1,0.5073901,1966.3496000000011,b2.?,?
21,520,4,5,4,0,1,1.2658826,1966.499,f5.\,\
21,521,2,0,0,0,1,0.3239343999999999,1966.856990100001,a1.?,?
21,522,1,5,4,0,1,1.1412916,1967.0871000000009,f5./,/
21,523,4,5,2,0,1,0.7928376,1969.994200000001,f3.?,?
21,524,2,5,4,0,1,1.207617,1970.6284000000012,f5.?,?
21,525,1,5,4,0,1,1.13355,1970.9903000000013,f5.=,=
21,526,2,3,2,0,1,0.6533503,1973.6745999999985,d3.?,?
21,527,3,5,4,1,1,1.1610087999999998,1974.2943000000012,f5*?,?
21,528,4,3,2,1,0,0.6206419,1975.6715000000004,d3*?,?
21,529,2,6,2,0,1,0.7408668,1977.5842999999984,g3.?,?
21,530,3,5,4,0,1,1.1665856,1977.8853999999992,f5.=,=
21,531,4,6,2,0,1,0.7498283,1979.2448000000004,g3.?,?
21,532,2,5,4,0,1,1.2151192000000002,1981.3502000000008,f5.?,?
21,533,1,1,2,0,0,0.8930416999999999,1982.5152999999991,b3.?,?
21,534,1,1,0,0,1,0.3135417,1983.4083417,b1.?,?
21,535,2,5,2,0,1,0.7817202999999999,1984.378499999999,f3.?,?
21,536,3,5,4,0,1,1.2185259,1985.3207,f5./,/
21,537,1,5,4,0,1,1.147725,1986.3148,f5.?,?
21,538,3,3,3,0,1,1.0165829,1988.2471000000005,d4.?,?
21,539,2,5,2,0,1,0.8223792999999999,1988.6490000000013,f3./,/
21,540,4,5,4,0,1,1.2292307,1989.4304999999983,f5.?,?
21,541,1,5,4,0,1,1.1420083,1990.4242000000013,f5.=,=
21,542,3,3,3,0,1,0.9937249,1992.2743999999984,d4.\,\
21,543,2,5,2,0,1,0.8350971999999999,1993.0544999999984,f3.=,=
21,544,1,5,4,0,1,1.1559333,1994.4087,f5.=,=
21,545,2,5,2,0,1,0.8500219,1996.837599999999,f3.=,=
21,546,1,5,4,0,1,1.1360083,1998.8973000000003,f5.=,=
21,547,2,5,2,0,1,0.8371613,2001.9431000000004,f3.=,=
21,548,1,5,4,0,0,1.1140417,2002.483,f5.\,\
21,549,1,5,3,0,1,1.0642751,2006.5112999999983,f4.?,?
21,550,2,3,2,0,1,0.8762038999999999,2009.6721,d3.?,?
21,551,3,3,2,0,1,0.9256067,2009.9379999999985,d3.?,?
21,552,1,5,3,0,1,1.065625,2010.4169,f4.=,=
21,553,3,1,0,0,1,0.3072958,2010.863606699997,b1.?,?
21,554,2,5,4,0,1,1.2150338,2013.7629000000013,f5.?,?
21,555,1,5,3,0,1,1.052175,2014.2740000000013,f4.=,=
21,556,2,5,4,0,1,1.2133892,2017.548200000001,f5.=,=
21,557,1,5,3,0,1,1.0389334,2018.1617000000008,f4.=,=
21,558,2,5,4,1,0,1.1279059,2023.9000000000012,f5*\,\
21,559,2,4,2,0,0,0.6990067,2028.5323261000008,e3.?,?
21,560,2,6,2,0,0,0.7833942,2037.255799999999,g3.?,?
21,561,2,1,1,0,0,0.5018816,2041.9713999999983,b2.?,?
21,562,2,0,0,0,0,0.3182662,2042.4732816,a1.?,?
21,563,2,5,3,0,1,1.0582238,2045.5571999999995,f4.?,?
21,564,1,5,4,0,1,1.2406007,2050.1299,f5.?,?
21,565,2,5,3,0,1,1.0533169,2053.562099999999,f4.=,=
21,566,1,5,4,0,1,1.2518417,2054.0802000000003,f5.=,=
21,567,2,5,4,0,1,1.148356,2057.8189999999995,f5.?,?
21,568,1,5,4,0,1,1.2460333,2058.041300000001,f5.=,=
21,569,1,5,4,0,0,1.2069833,2061.945599999999,f5.\,\
21,570,1,5,4,1,1,1.179175,2065.5877,f5*\,\
21,571,2,4,2,0,1,0.6711514999999999,2067.584723199998,e3.?,?
21,572,1,5,4,1,1,1.210275,2069.271700000001,f5*/,/
21,573,2,4,1,0,0,0.5290929,2070.2569654,e2.?,?
21,574,2,5,3,0,0,0.946048,2072.9146,f4.?,?
21,575,2,2,0,1,0,0.3825486999999999,2074.465769999999,c1*?,?
21,576,2,5,2,0,0,0.8794833,2079.629499999999,f3.?,?
21,577,2,5,2,1,0,0.6958,2082.7537999999986,f3*\,\
21,578,3,5,4,0,1,1.2329742,2084.151600000001,f5.?,?
21,579,2,5,2,0,0,0.8452500000000001,2086.5014999999985,f3./,/
21,580,2,5,2,0,0,0.8729584,2092.4496,f3./,/
21,581,2,5,2,0,0,0.8142999999999999,2095.6211000000003,f3.\,\
21,582,2,5,4,0,0,1.1709423,2102.8371000000006,f5.?,?
21,583,2,5,4,0,0,1.1575256,2106.5148999999983,f5.=,=
21,584,2,5,3,0,0,0.9922666,2109.573400000001,f4.?,?
21,585,2,5,3,1,0,1.0063666,2113.446800000001,f4*=,=
21,586,2,2,1,0,0,0.4797833,2117.401466700001,c2.?,?
21,587,2,2,2,1,0,0.8001417,2120.8776,c3*?,?
21,588,3,5,3,0,1,1.050847,2123.7681999999986,f4.?,?
21,589,2,2,2,1,0,0.8317167,2125.0751999999998,c3*/,/
21,590,3,5,3,1,1,1.0076852,2127.464,f4*\,\
21,591,2,4,1,0,0,0.5738,2129.3894,e2.?,?
21,592,2,0,2,0,1,0.7613,2133.013200000001,a3.?,?
21,593,3,5,3,0,1,1.0168134,2133.232,f4.=,=
21,594,2,1,0,1,0,0.248025,2133.7744999999995,b1*?,?
21,595,2,4,2,0,1,0.639275,2137.429175000001,e3.?,?
21,596,3,5,3,0,1,1.0665213999999998,2139.0638,f4./,/
21,597,2,5,4,0,0,1.2720333,2145.469799999999,f5.?,?
21,598,2,2,3,1,0,1.0076584,2149.3672000000006,c4*?,?
21,599,2,5,3,0,0,0.9646059,2151.8333999999995,f4.?,?
21,600,2,5,3,1,0,1.0339047,2155.3215999999998,f4*/,/
21,601,2,2,1,0,0,0.5455953,2158.8039086000026,c2.?,?
21,602,2,5,3,0,0,0.932188,2162.5174000000006,f4.?,?
21,603,2,5,4,0,0,1.1115677,2167.1866999999984,f5.?,?
21,604,2,5,2,1,0,0.769047,2170.723600000001,f3*?,?
21,605,2,1,2,0,0,0.63905,2181.356816700001,b3.?,?
21,606,2,5,2,0,0,0.870025,2188.3859999999986,f3.?,?
21,607,2,3,0,0,0,0.057975,2190.6911,d1.?,?
21,608,2,3,0,1,0,0.0840166,2190.749075,d1*/,/
21,609,2,1,0,0,0,0.0811332999999999,2190.864158299999,b1.?,?
21,610,2,8,0,0,0,0.1564417,2192.208200000001,i1.?,?
21,611,2,8,0,0,0,0.1273833,2192.364641700002,i1.\,\
21,612,2,8,0,0,0,0.1347084,2192.492025,i1.=,=
21,613,2,1,0,1,0,0.0808583,2192.6267334000004,b1*?,?
21,614,2,13,0,0,0,0.1975,2194.139108399999,n1.?,?
21,615,2,3,0,0,0,0.0995083,2194.336608400001,d1.?,?
21,616,2,1,0,1,0,0.0840833,2194.436116699999,b1*?,?
21,617,2,13,0,0,0,0.1728666999999999,2196.0181999999986,n1.?,?
21,618,2,13,0,1,0,0.2263083,2196.191066699997,n1*/,/
21,619,2,2,0,0,0,0.0739275,2197.6071999999986,c1.?,?
21,620,2,1,0,0,0,0.0382891999999999,2197.6811275,b1.?,?
21,621,2,1,0,0,0,0.0498583,2197.719416699998,b1.=,=
21,622,2,1,0,0,0,0.0406333,2197.7692749999987,b1.=,=
21,623,2,1,0,1,0,0.076825,2197.809908299998,b1*/,/
21,624,2,1,0,0,0,0.0743667,2197.9030833,b1.=,=
21,625,2,1,0,0,0,0.0831833,2197.9774499999985,b1.=,=
21,626,2,0,0,0,0,0.0759084,2198.0606333,a1.?,?
21,627,2,1,0,1,0,0.0617333,2198.136541699998,b1*?,?
21,628,2,6,0,0,0,0.149925,2199.8310999999994,g1.?,?
21,629,2,1,0,0,0,0.0570833,2199.981025000001,b1.?,?
21,630,2,1,0,0,0,0.0460334,2200.0381082999997,b1.=,=
21,631,2,1,0,0,0,0.0505416,2200.084141700001,b1.=,=
21,632,2,1,0,0,0,0.040925,2200.134683299999,b1.=,=
21,633,2,1,0,0,0,0.0466416999999999,2200.1756083,b1.=,=
21,634,2,1,0,0,0,0.0458917,2200.222249999999,b1.=,=
21,635,2,1,0,0,0,0.0482666,2200.2681416999985,b1.=,=
21,636,2,13,0,0,0,0.15505,2202.081699999999,n1.?,?
21,637,2,8,0,0,0,0.1254666,2202.23675,i1.?,?
21,638,2,8,0,0,0,0.132875,2202.362216599998,i1.=,=
21,639,2,9,0,0,0,0.1467084,2202.495091599998,j1.?,?
21,640,2,3,0,0,0,0.1054916,2202.6417999999976,d1.?,?
21,641,2,1,0,1,0,0.0972917,2202.7472916000006,b1*?,?
21,642,2,3,0,0,0,0.0848084,2206.685116600001,d1.?,?
21,643,2,3,0,0,0,0.1141583,2206.7699250000005,d1./,/
21,644,2,3,0,0,0,0.1196166999999999,2206.884083300003,d1.=,=
21,645,2,3,0,0,0,0.1613,2207.003700000001,d1./,/
21,646,2,1,0,1,0,0.0542416,2207.165000000001,b1*?,?
21,647,2,6,0,0,0,0.1734083999999999,2208.545758299999,g1.?,?
21,648,2,6,0,0,0,0.1278416,2208.7191667000006,g1.\,\
21,649,2,6,0,0,0,0.11095,2208.8470082999997,g1.=,=
21,650,2,3,0,0,0,0.081475,2208.9579582999977,d1.?,?
21,651,2,3,0,0,0,0.0874334,2209.0394333000004,d1.=,=
21,652,2,1,0,0,0,0.0758,2209.1268667000004,b1.?,?
21,653,2,8,0,0,0,0.1708983999999999,2211.3064000000013,i1.?,?
21,654,2,8,0,1,0,0.167525,2211.477298400001,i1*=,=
21,655,2,6,2,0,0,0.6936083000000001,2214.7528999999995,g3.?,?
21,656,2,1,0,0,0,0.1645667,2215.4465083,b1.?,?
21,657,2,0,1,0,0,0.5237167,2215.6110750000007,a2.?,?
21,658,2,1,0,0,0,0.2372166,2216.1347916999985,b1.?,?
21,659,2,13,0,0,0,0.2399416,2217.890599999999,n1.?,?
21,660,2,0,0,0,0,0.0617249999999999,2218.1305416,a1.?,?
21,661,2,0,0,1,0,0.1267092,2218.192266599999,a1*/,/
21,662,2,6,2,0,0,0.8110917,2219.8324,g3.?,?
21,663,2,5,2,0,0,0.7691667,2222.5381000000016,f3.?,?
21,664,2,5,2,0,0,0.6763333,2225.9448999999986,f3.\,\
21,665,2,1,1,0,0,0.489025,2229.047599999998,b2.?,?
21,666,2,1,0,0,0,0.3166415999999999,2229.536624999997,b1.?,?
21,667,2,8,0,0,0,0.1413916,2231.5908999999992,i1.?,?
21,668,2,9,0,1,0,0.1555084,2231.7322915999976,j1*?,?
21,669,2,6,0,0,0,0.1798194,2232.9715473,g1.?,?
21,670,2,6,0,0,0,0.1046166999999999,2233.1513667,g1.\,\
21,671,2,6,0,0,0,0.1327583,2233.255983400002,g1./,/
21,672,2,6,0,0,0,0.1789300999999999,2233.3887417000005,g1./,/
21,673,2,0,0,1,0,0.0523699,2233.5676717999995,a1*?,?
21,674,2,1,0,0,0,0.14865,2241.002100000001,b1.?,?
21,675,2,0,0,1,0,0.223125,2241.1507500000007,a1*?,?
21,676,2,5,2,1,0,0.8562000000000001,2243.7590999999998,f3*?,?
21,677,2,4,0,0,0,0.0775667,2246.423483300001,e1.?,?
21,678,2,3,0,0,0,0.0831417,2246.501049999999,d1.?,?
21,679,2,0,0,1,0,0.055575,2246.5841917,a1*?,?
21,680,2,1,0,0,0,0.0382334,2246.6985833,b1.?,?
21,681,2,0,0,1,0,0.0559999999999999,2246.7368166999986,a1*?,?
21,682,2,2,1,0,0,0.4986583,2248.6301084000006,c2.?,?
21,683,2,15,0,0,0,0.1801047,2250.0399,p1.?,?
21,684,2,11,0,0,0,0.1123537,2250.220004700001,l1.?,?
21,685,2,11,0,0,0,0.1480416,2250.332358399999,l1./,/
21,686,2,6,2,0,0,0.6992917,2251.9720000000016,g3.?,?
21,687,2,13,0,0,0,0.3211417,2253.617900000001,n1.?,?
21,688,2,6,0,0,0,0.4103917,2265.578699999998,g1.?,?
21,689,2,3,0,1,0,0.212275,2267.749499999998,d1*?,?
21,690,2,1,0,1,0,0.0400829,2270.106899999999,b1*?,?
21,691,2,1,0,0,0,0.0781683,2270.146989599998,b1./,/
21,692,2,1,0,0,0,0.1064659,2270.2251579000003,b1./,/
21,693,2,1,0,0,0,0.0779174,2270.3316238000007,b1.\,\
21,694,2,5,2,1,0,0.846975,2272.3224999999984,f3*?,?
21,695,2,2,2,0,1,0.8150999999999999,2283.4824333,c3.?,?
21,696,3,5,4,0,1,1.2107843,2287.1918000000005,f5.?,?
21,697,2,5,3,0,1,0.9694666,2289.7851999999984,f4.?,?
21,698,3,1,1,0,0,0.5045728,2291.9552000000003,b2.?,?
21,699,3,1,0,0,1,0.3450155,2292.459772800001,b1.?,?
21,700,2,2,1,0,0,0.5831417,2293.5075,c2.?,?
21,701,2,5,4,0,0,1.106725,2299.652900000001,f5.?,?
21,702,2,5,3,0,1,0.9964279,2303.407200000001,f4.?,?
21,703,3,6,2,0,1,0.7307017,2305.2202,g3.?,?
21,704,2,3,1,0,1,0.4589665999999999,2306.582699999999,d2.?,?
21,705,3,5,2,0,1,0.8718249,2310.165499999999,f3.?,?
21,706,2,5,2,0,1,0.8898651999999999,2313.291300000001,f3.?,?
21,707,3,3,0,0,1,0.3980313,2314.864300000001,d1.?,?
21,708,2,5,2,0,1,0.7442284,2317.4500000000007,f3.\,\
21,709,3,3,4,0,1,1.2793416,2324.1130999999987,d5.?,?
21,710,2,5,2,0,1,0.8394366,2325.6160999999997,f3./,/
21,711,4,5,2,0,1,0.839199,2325.777399999999,f3.?,?
21,712,3,5,4,0,1,1.2916612,2328.584999999999,f5.?,?
21,713,2,5,2,1,0,0.7557787,2329.429100000001,f3*\,\
21,714,2,2,1,0,0,0.5516421,2333.645709099997,c2.?,?
21,715,2,3,4,0,1,1.2829468,2337.1758999999984,d5.?,?
21,716,3,3,4,0,0,1.3217204,2367.122800000001,d5.?,?
21,717,3,3,4,0,1,1.2581925,2371.959899999998,d5.\,\
21,718,2,2,3,0,0,1.0446083,2375.4968999999983,c4.?,?
21,719,2,5,3,0,1,1.0411916,2378.3587000000007,f4.?,?
21,720,3,3,3,0,1,0.9976645,2382.0528999999988,d4.?,?
21,721,2,5,3,0,1,0.9427584,2382.4821999999986,f4.\,\
21,722,3,3,3,0,1,1.0307062,2386.0554999999986,d4./,/
21,723,2,5,3,0,1,0.9585582,2386.4892,f4.=,=
21,724,3,3,3,0,1,1.0468266,2390.0968,d4.=,=
21,725,2,5,3,0,1,0.9893417,2390.6729000000014,f4./,/
21,726,3,3,3,0,1,1.0381711,2394.0256999999983,d4.=,=
21,727,2,5,3,0,1,1.0007,2394.1551,f4.=,=
21,728,3,3,3,0,1,0.9850994,2397.1359999999986,d4.\,\
21,729,2,5,3,0,1,0.9936333,2397.3610999999983,f4.=,=
21,730,3,3,3,0,1,0.9679894,2400.548999999999,d4.=,=
21,731,2,5,3,0,1,1.0004083,2400.678899999999,f4.=,=
21,732,2,5,3,0,1,0.998575,2403.9919999999984,f4.=,=
21,733,3,3,3,0,1,0.9693559,2404.158299999999,d4.=,=
21,734,2,5,3,1,0,0.991025,2407.512200000001,f4*=,=
21,735,3,3,3,0,1,0.9437294,2408.797999999999,d4.\,\
21,736,2,5,3,0,1,0.9816167,2412.0473999999995,f4.=,=
21,737,3,3,2,0,1,0.8389211000000001,2412.332600000001,d3.?,?
21,738,4,5,4,1,1,1.1536815,2413.3141,f5*?,?
21,739,3,4,1,1,0,0.5399,2418.345275,e2*?,?
21,740,3,4,1,1,0,0.502375,2422.1078333000005,e2*\,\
21,741,3,2,1,0,0,0.5635916999999999,2425.946783299998,c2.?,?
21,742,3,4,2,0,0,0.7361416999999999,2429.358400000001,e3.?,?
21,743,3,1,0,0,1,0.2731917,2430.0945417000003,b1.?,?
21,744,2,3,4,1,1,1.3306083,2453.8076,d5*?,?
21,745,2,3,4,0,1,1.2399667,2458.199499999999,d5.\,\
21,746,3,4,2,0,1,0.7876042999999999,2458.6005208000024,e3.?,?
21,747,2,3,4,0,1,1.2412997,2462.167300000001,d5.=,=
21,748,3,1,2,0,1,0.9230345,2462.2045,b3.?,?
21,749,3,1,0,0,1,0.3143856,2463.1275344999995,b1.?,?
21,750,2,3,4,0,0,1.2438323,2466.4066999999995,d5.=,=
21,751,2,3,4,0,0,1.2144846,2471.854299999999,d5.\,\
21,752,2,3,4,0,1,1.2944968,2476.8132000000005,d5./,/
21,753,3,5,4,0,1,1.1774584,2476.930199999999,f5.?,?
21,754,3,5,4,0,1,1.3156882,2480.7121000000006,f5./,/
21,755,2,3,4,0,1,1.1520972,2481.276600000001,d5.\,\
21,756,3,5,4,0,1,1.3007936,2484.535800000001,f5.=,=
21,757,2,3,4,0,1,1.1395,2485.310099999999,d5.=,=
21,758,3,5,4,0,0,1.3064212,2488.2271,f5.=,=
21,759,3,5,4,0,1,1.2558844,2491.954999999998,f5.\,\
21,760,2,3,4,0,0,1.2510656,2493.6639,d5./,/
21,761,2,3,4,0,0,1.22265,2498.154200000001,d5.\,\
21,762,2,5,4,0,0,1.3988667,2513.7261,f5.?,?
21,763,2,5,4,0,1,1.3748096,2517.7501999999986,f5.\,\
21,764,3,2,3,0,0,1.0304748,2518.2060999999994,c4.?,?
21,765,3,1,0,1,0,0.3090691,2519.236574800001,b1*?,?
21,766,2,5,4,0,1,1.2989721,2522.457699999999,f5.\,\
21,767,3,4,2,0,0,0.8078713999999999,2522.8367,e3.?,?
21,768,3,3,1,0,1,0.5122286,2523.6445714,d2.?,?
21,769,2,5,4,0,1,1.2366583,2527.396199999999,f5.\,\
21,770,3,2,3,0,1,0.9526855,2532.2030000000013,c4.?,?
21,771,2,2,3,0,1,0.9717473,2532.3875000000007,c4.?,?
21,772,3,3,0,0,1,0.4059655,2533.1556855000017,d1.?,?
21,773,2,3,1,0,1,0.466621,2533.359247299999,d2.?,?
21,774,3,1,0,0,1,0.4288114,2533.561651,b1.?,?
21,775,2,3,4,0,1,1.1263083,2543.116399999999,d5.?,?
21,776,3,13,0,0,1,0.2889734,2546.876400000001,n1.?,?
21,777,2,3,3,0,1,1.0402583,2547.102200000001,d4.?,?
21,778,3,8,0,0,1,0.2013589,2547.165373399999,i1.?,?
21,779,3,9,0,1,0,0.2315686,2547.366732300001,j1*?,?
21,780,3,1,0,1,0,0.2726133,2547.6588456000027,b1*?,?
21,781,3,8,0,0,0,0.2224084,2551.516,i1.?,?
21,782,3,8,0,0,0,0.1994416,2551.7384084000005,i1.\,\
21,783,3,9,0,0,0,0.2141,2551.9378499999984,j1.?,?
21,784,3,1,0,0,0,0.132575,2552.1519499999995,b1.?,?
21,785,3,1,0,0,1,0.322025,2552.284524999999,b1./,/
21,786,2,3,4,0,0,1.1077092,2555.224200000001,d5.?,?
21,787,2,3,3,0,1,1.0568707,2558.9956999999995,d4.?,?
21,788,3,5,3,0,1,0.9490994,2562.354800000001,f4.?,?
21,789,2,3,2,0,1,0.9265994,2562.4355,d3.?,?
21,790,3,5,2,0,1,0.8413295,2566.0927999999985,f3.?,?
21,791,2,5,2,1,1,0.8518962999999999,2569.9938,f3*?,?
21,792,1,2,1,0,1,0.6039417,2571.7150666999987,c2.?,?
21,793,2,5,2,1,1,0.8468197,2573.2576999999983,f3*=,=
21,794,1,6,1,0,0,0.5550084,2573.406191600003,g2.?,?
21,795,1,5,2,0,1,0.8112250000000001,2577.939299999998,f3.?,?
21,796,2,5,2,0,1,0.8906529000000001,2579.9906999999985,f3./,/
21,797,1,5,2,0,1,0.8199334,2581.510600000001,f3.=,=
21,798,3,5,2,0,1,0.8053276,2581.8829000000005,f3.\,\
21,799,2,5,2,0,1,0.884431,2584.2537999999986,f3.=,=
21,800,1,5,2,0,1,0.7385334,2585.268799999998,f3.\,\
21,801,3,5,2,0,1,0.7804057,2585.3649000000005,f3.\,\
21,802,2,5,3,0,1,0.9389727,2588.798200000001,f4.?,?
21,803,3,1,1,0,1,0.4897211,2589.0213000000003,b2.?,?
21,804,1,5,2,0,1,0.7753499,2589.4710000000014,f3./,/
21,805,3,1,0,0,1,0.3200928,2589.511021099999,b1.?,?
21,806,2,5,2,0,1,0.9239879,2592.5220999999983,f3.?,?
21,807,3,3,2,0,1,0.6548325,2592.685099999999,d3.?,?
21,808,1,5,2,1,1,0.8037417,2592.827000000001,f3*/,/
21,809,4,3,0,1,0,0.3507071,2594.629399999998,d1*?,?
21,810,3,3,2,0,1,0.6379714000000001,2596.3080999999984,d3.=,=
21,811,2,5,3,0,1,0.9572636,2596.3233,f4.?,?
21,812,1,5,2,1,1,0.7971833,2596.423500000001,f3*=,=
21,813,4,3,0,1,1,0.3200984,2598.308087900001,d1*\,\
21,814,3,6,0,0,0,0.1753333,3361.7285999999986,g1.?,?
21,815,3,6,0,0,0,0.3156306,3368.451499999999,g1./,/
21,816,3,5,0,0,1,0.2848838999999999,3373.3341,f1.?,?
21,817,2,6,0,1,0,0.3200917,3374.648799999999,g1*?,?
21,818,2,5,0,0,1,0.3181916,3378.6742000000013,f1.?,?
21,819,3,3,0,0,1,0.2867819,3380.3302000000003,d1.?,?
21,820,2,5,0,1,1,0.3535666999999999,3380.5341999999982,f1*/,/
21,821,3,3,0,0,1,0.2386887999999999,3385.904200000001,d1.\,\
21,822,1,2,1,1,1,0.53875,3385.958808299998,c2*?,?
21,823,1,2,1,0,0,0.5062082999999999,3390.938624999999,c2.\,\
21,824,1,1,1,0,0,0.4627240999999999,3394.753099999998,b2.?,?
21,825,1,0,0,0,0,0.2932424999999999,3395.2158241,a1.?,?
21,826,1,5,2,0,1,0.7525667,3399.155200000001,f3.?,?
21,827,3,0,0,0,0,0.1917486,3399.5039,a1.?,?
21,828,3,0,0,0,0,0.1307142,3399.695648599998,a1.\,\
21,829,3,1,0,0,1,0.1718591,3403.963100000001,b1.?,?
21,830,1,5,2,0,1,0.7440083000000001,3403.9920999999995,f3.=,=
21,831,3,1,0,0,1,0.1218479999999999,3404.1349591,b1.\,\
21,832,1,5,2,0,1,0.7468167,3408.7951,f3.=,=
21,833,3,6,0,0,1,0.3429198999999999,3408.8647999999994,g1.?,?
21,834,3,6,0,0,0,0.3211284,3415.529699999999,g1.\,\
21,835,3,6,0,0,1,0.3543334,3420.0257999999994,g1./,/
21,836,2,6,0,0,1,0.3046999999999999,3423.8516999999997,g1.?,?
21,837,3,6,0,0,1,0.3162975,3423.915000000001,g1.\,\
21,838,3,6,0,0,1,0.3258633,3427.6312,g1.=,=
21,839,2,2,0,1,0,0.260675,3427.973900000001,c1*?,?
21,840,3,6,0,0,1,0.3180676,3431.248599999999,g1.=,=
21,841,2,1,0,0,1,0.182675,3431.4516000000003,b1.?,?
21,842,2,1,0,1,0,0.13255,3431.6342750000003,b1*\,\
21,843,3,5,0,0,1,0.361344,3435.6800000000003,f1.?,?
21,844,2,6,0,1,0,0.3082749999999999,3436.216400000001,g1*?,?
21,845,2,3,0,0,0,0.2253417,3441.533141600001,d1.?,?
21,846,2,5,0,0,1,0.3491084,3449.3260999999984,f1.?,?
21,847,3,6,0,0,1,0.2872896,3453.5871000000006,g1.?,?
21,848,2,0,0,0,0,0.1992334,3455.0818,a1.?,?
21,849,2,1,0,0,1,0.1418666,3455.2810333999987,b1.?,?
21,850,4,6,0,1,0,0.2726583,3465.879399999998,g1*?,?
21,851,5,6,0,0,0,0.2708833,3476.6698,g1.?,?
21,852,5,16,0,0,0,0.2810499999999999,3487.9889000000003,q1.?,?
21,853,5,1,0,1,0,0.10025,3488.269949999998,b1*?,?
21,854,5,14,0,0,0,0.238075,3492.230941599999,o1.?,?
21,855,5,1,0,0,0,0.0823334,3492.4690166,b1.?,?
21,856,5,8,0,0,0,0.1941917,3496.911799999998,i1.?,?
21,857,5,3,0,1,0,0.115375,3497.1059916999984,d1*?,?
21,858,5,8,0,0,0,0.213525,3507.7853,i1.?,?
21,859,5,3,0,0,1,0.1348583,3507.9988249999988,d1.?,?
21,860,2,6,0,0,0,0.2895834,3531.1310999999987,g1.?,?
21,861,2,2,4,0,0,1.1050167,6032.695100000001,c5.?,?
21,862,2,1,0,0,0,0.342775,6033.8001167,b1.?,?
21,863,2,2,3,0,0,0.9432667,6039.720300000001,c4.?,?
21,864,2,3,0,1,0,0.4124166999999999,6040.663566700001,d1*?,?
21,865,1,5,0,1,0,0.3229166,6677.658299999999,f1*?,?
21,866,1,0,0,0,0,0.188425,6682.350699999999,a1.?,?
21,867,1,1,0,0,0,0.1372333,6682.539124999999,b1.?,?
21,868,1,5,0,0,0,0.3152833,6687.055100000001,f1.?,?
21,869,1,2,0,1,0,0.2994417,6701.4846,c1*?,?
21,870,1,1,0,0,0,0.1885416999999999,6708.555499999999,b1.?,?
21,871,1,0,0,0,0,0.1344,6708.7440417,a1.?,?
21,872,1,6,0,0,1,0.3348082999999999,6713.718499999999,g1.?,?
21,873,1,0,0,0,0,0.1966083,6733.6338,a1.?,?
21,874,1,1,0,0,1,0.143125,6733.8304083,b1.?,?
21,875,2,0,0,0,1,0.2986611,6734.092499999999,a1.?,?
21,876,2,0,0,0,1,0.2977084,6738.5589,a1.=,=
21,877,1,6,0,0,1,0.3118166,6742.3855,g1.?,?
21,878,2,6,1,0,1,0.5073814,6742.8663000000015,g2.?,?
21,879,1,6,0,0,1,0.335275,6751.282599999999,g1./,/
21,880,2,0,0,0,0,0.2923125,6755.740600000001,a1.?,?
21,881,2,0,0,0,0,0.2982791,6760.601200000001,a1.=,=
22,0,1,5,4,0,1,1.4871,0.0,f5.?,?
22,1,3,3,0,0,1,0.2437739,3.9628999999986254,d1.?,?
22,2,1,5,4,0,1,1.3820834,7.552999999999884,f5.\,\
22,3,3,3,0,0,1,0.2390767,9.525000000001455,d1.=,=
22,4,1,5,4,0,1,1.2529,10.957699999999022,f5.\,\
22,5,3,3,0,0,1,0.2654095,11.600999999998749,d1./,/
22,6,1,5,2,0,0,0.9263667,13.058400000001711,f3.?,?
22,7,1,6,2,0,1,0.6820999999999999,14.285800000001473,g3.?,?
22,8,2,5,2,0,1,0.8259237,16.412499999998545,f3.?,?
22,9,1,5,2,1,0,0.885297,17.088299999999435,f3*?,?
22,10,1,5,3,1,0,0.990775,20.55210000000079,f4*?,?
22,11,2,5,2,0,1,0.8233758,22.20089999999982,f3.=,=
22,12,1,5,4,0,1,1.1274584,25.23649999999907,f5.?,?
22,13,2,5,2,0,1,0.8451297999999999,25.46099999999933,f3./,/
22,14,1,2,2,0,0,0.8427,28.733500000002092,c3.?,?
22,15,1,1,0,0,0,0.3468,29.576200000003155,b1.?,?
22,16,1,5,3,0,1,1.01615,32.312300000001414,f4.?,?
22,17,2,5,2,0,1,0.8904764999999999,32.653300000001764,f3./,/
22,18,1,5,4,0,1,1.0886917,36.285500000001775,f5.?,?
22,19,2,5,2,0,1,0.9070912,36.637399999999616,f3.=,=
22,20,1,5,4,0,0,1.1767417,40.20769999999902,f5./,/
22,21,1,5,4,0,1,1.4943084,55.75600000000122,f5./,/
22,22,2,5,4,1,1,1.3599199,56.518199999998615,f5*?,?
22,23,1,4,2,0,1,0.8279358,60.9082707000016,e3.?,?
22,24,2,5,4,0,1,1.3651424,61.02830000000176,f5.=,=
22,25,1,5,4,0,1,1.4181167,64.9968000000008,f5.?,?
22,26,2,5,4,0,1,1.3656313,65.27270000000135,f5.=,=
22,27,2,5,4,0,0,1.3316934,69.8676000000014,f5.\,\
22,28,2,5,4,0,1,1.3818607000000005,85.14840000000186,f5./,/
22,29,1,5,4,0,1,1.3451417,86.10770000000048,f5.\,\
22,30,2,5,4,0,0,1.3380818,89.71159999999873,f5.\,\
22,31,2,5,4,0,1,1.2993318,93.7564999999995,f5.\,\
22,32,1,0,2,0,1,0.9104167,93.96640000000116,a3.?,?
22,33,1,1,0,1,0,0.2121166,94.87681670000164,b1*?,?
22,34,2,5,4,0,1,1.2906489,97.55080000000088,f5.=,=
22,35,1,1,2,0,0,0.8856583,98.09770000000208,b3.?,?
22,36,1,1,0,0,1,0.3253333,98.9833583000036,b1.?,?
22,37,2,5,4,0,0,1.2932875,100.97999999999956,f5.=,=
22,38,2,5,4,0,0,1.2975638000000005,104.52899999999865,f5.=,=
22,39,2,5,4,0,1,1.3269293,111.14400000000025,f5./,/
22,40,1,0,2,0,0,0.8372633,114.35260000000198,a3.?,?
22,41,1,0,0,1,1,0.18282,115.18986330000187,a1*?,?
22,42,1,1,0,1,1,0.2858834,115.3726833000037,b1*?,?
22,43,2,4,2,0,1,0.7910869,115.6803660000005,e3.?,?
22,44,1,0,2,0,0,0.8500083,119.27779999999984,a3.?,?
22,45,1,1,0,0,0,0.2009417,120.12780829999974,b1.?,?
22,46,1,1,0,0,0,0.2069166,120.32875000000058,b1.=,=
22,47,1,1,0,0,0,0.3763167,120.5356666000007,b1./,/
22,48,1,0,2,0,0,0.8406666,124.56620000000112,a3.?,?
22,49,1,1,0,0,0,0.2069667,125.4068666000021,b1.?,?
22,50,1,1,0,0,0,0.2514833,125.61383330000172,b1./,/
22,51,1,1,0,0,0,0.3376,125.86531660000036,b1./,/
23,0,2,2,3,0,0,0.97955,0.0,c4.?,?
23,1,2,1,0,1,0,0.2983333,0.9795500000000176,b1*?,?
23,2,2,2,3,0,0,0.962225,4.722100000000012,c4.?,?
23,3,2,1,0,0,0,0.2572166999999999,5.684325000000001,b1.?,?
23,4,2,1,0,0,1,0.3359916,5.941541700000016,b1./,/
23,5,3,10,4,0,0,1.0931739,6.508600000000001,k5.?,?
23,6,3,1,0,0,1,0.4364637,7.601773900000012,b1.?,?
23,7,2,2,3,1,0,0.9558084,8.419399999999996,c4*?,?
23,8,2,1,0,0,0,0.3224334,9.501925000000028,b1.?,?
24,0,2,5,4,1,0,1.1216922,0.0,f5*?,?
24,1,2,3,0,0,0,0.392405,7.598814299999958,d1.?,?
24,2,2,3,0,1,0,0.3455427,10.759000000000016,d1*\,\
24,3,2,1,0,0,0,0.2002188999999999,13.855399999999918,b1.?,?
24,4,2,1,0,0,0,0.2851571,14.0556188999999,b1./,/
24,5,2,8,1,1,0,0.4861822,15.305699999999888,i2*?,?
24,6,2,5,2,0,0,0.7737184,17.817599999999857,f3.?,?
24,7,2,5,2,0,0,0.7577552999999999,20.39989999999989,f3.=,=
24,8,2,1,0,0,0,0.4071886999999999,22.58219999999983,b1.?,?
24,9,2,1,0,0,0,0.2850668,22.98938869999984,b1.\,\
25,0,1,7,0,0,0,0.3275249999999999,0.0,h1.?,?
25,1,1,3,0,1,0,0.2306249999999999,0.3275250000001506,d1*?,?
25,2,1,14,2,0,0,0.7179666,7.6732999999999265,o3.?,?
25,3,1,1,0,0,0,0.16215,13.896000000000186,b1.?,?
25,4,1,0,0,0,0,0.1887416,14.058150000000296,a1.?,?
25,5,1,1,0,0,0,0.1560583999999999,14.246891600000254,b1.?,?
25,6,1,1,0,0,0,0.187475,14.402950000000146,b1./,/
25,7,1,15,2,0,0,0.734,19.65819999999985,p3.?,?
25,8,1,13,1,0,0,0.6085833999999999,21.92749999999978,n2.?,?
25,9,1,8,0,0,0,0.3953415999999999,23.01775799999996,i1.?,?
25,10,1,3,0,0,0,0.252225,23.413099599999896,d1.?,?
25,11,1,5,2,1,1,0.8912604,26.97539999999981,f3*?,?
25,12,2,3,0,0,1,0.3693583,27.887945399999808,d1.?,?
25,13,1,1,1,0,0,0.5233833,29.98379999999997,b2.?,?
25,14,1,1,0,0,0,0.329,30.50718330000018,b1.?,?
25,15,1,5,2,0,0,0.8471417000000001,34.91579999999976,f3.?,?
25,16,1,1,1,0,0,0.5148083,38.22490000000016,b2.?,?
25,17,1,1,0,0,0,0.312625,38.73970830000008,b1.?,?
25,18,1,1,1,1,1,0.4829318,40.885899999999765,b2*?,?
25,19,2,3,0,0,0,0.1135833,41.160325000000284,d1.\,\
25,20,2,1,0,0,1,0.1047097,41.27390830000013,b1.?,?
25,21,1,0,0,0,1,0.3090456,41.36883179999995,a1.?,?
25,22,2,1,0,0,1,0.0765069999999999,41.37861800000019,b1.\,\
25,23,2,1,0,0,0,0.0842338,41.45512499999995,b1.=,=
25,24,2,1,0,0,0,0.0923495,41.53935880000017,b1.=,=
25,25,2,0,0,0,0,0.0915745,41.63170830000036,a1.?,?
25,26,2,1,0,0,0,0.0978255,41.723282800000106,b1.?,?
25,27,2,1,0,0,0,0.1255,41.821108300000105,b1./,/
25,28,2,1,0,1,0,0.2839667,41.94660829999975,b1*/,/
25,29,2,8,0,0,0,0.2186667,42.76805700000023,i1.?,?
25,30,2,8,0,0,0,0.1985333,42.98672370000031,i1.=,=
25,31,2,1,0,0,0,0.095925,43.18525700000009,b1.?,?
25,32,2,1,0,0,0,0.1549084,43.28118200000017,b1./,/
25,33,2,1,0,0,1,0.3310166,43.43609040000001,b1./,/
25,34,1,5,2,0,1,0.7797583,44.07049999999981,f3.?,?
25,35,2,3,0,0,0,0.1094333,46.83879999999999,d1.?,?
25,36,2,3,0,0,0,0.1382334,46.94823330000008,d1./,/
25,37,2,3,0,0,0,0.1208416,47.08646670000008,d1.=,=
25,38,2,3,0,0,0,0.1176334,47.20730830000002,d1.=,=
25,39,2,1,0,0,0,0.0937833,47.32494170000018,b1.?,?
25,40,2,1,0,1,0,0.1698583,47.418725,b1*/,/
25,41,1,5,2,0,1,0.8369917,47.85239999999976,f3./,/
25,42,3,6,1,0,1,0.5241986999999999,48.11200000000008,g2.?,?
25,43,2,5,2,0,1,0.8341143,50.90129999999999,f3.?,?
25,44,1,5,2,0,1,0.8301166,51.321500000000015,f3.=,=
25,45,3,6,1,1,1,0.5024453999999999,51.57960000000003,g2*\,\
25,46,2,3,0,0,1,0.4011368,55.17579999999998,d1.?,?
25,47,1,5,2,0,1,0.84015,55.1884,f3.=,=
25,48,2,5,2,0,1,0.8461526,58.3447000000001,f3.?,?
25,49,1,1,1,0,1,0.4928083,58.598399999999856,b2.?,?
25,50,3,3,0,0,1,0.389789,58.74429999999984,d1.?,?
25,51,1,1,0,1,1,0.3179039,59.09120829999984,b1*?,?
25,52,4,6,1,0,1,0.5665585,59.22550000000001,g2.?,?
25,53,1,5,2,0,1,0.8696750000000001,61.9987000000001,f3.?,?
25,54,2,3,0,0,1,0.3829725,62.01119999999992,d1.?,?
25,55,3,5,2,1,1,0.9005049,62.25860000000012,f3*?,?
25,56,4,2,2,0,1,0.7881028999999999,62.511799999999766,c3.?,?
25,57,4,3,0,0,1,0.357767,63.29990289999978,d1.?,?
25,58,2,3,0,0,1,0.3984472,65.21590000000015,d1.=,=
25,59,1,1,1,1,1,0.47755,65.50289999999995,b2*?,?
25,60,1,1,0,0,1,0.310175,65.98045000000002,b1.?,?
25,61,4,4,2,0,1,0.8117987,66.0605999999998,e3.?,?
25,62,4,3,0,0,1,0.3662949,66.87239869999985,d1.?,?
25,63,2,2,2,0,1,0.6835101,68.58370000000014,c3.?,?
25,64,1,5,2,1,1,0.8304167,68.75990000000002,f3*?,?
25,65,4,4,2,1,1,0.8247495,69.54680000000008,e3*?,?
25,66,3,4,2,0,1,0.6488679,70.20363480000015,e3.?,?
25,67,4,3,0,0,1,0.3754769,70.37154950000013,d1.?,?
25,68,2,3,3,0,1,0.9395182,72.20240000000013,d4.?,?
25,69,1,5,2,0,1,0.8957786999999999,72.21239999999989,f3./,/
25,70,4,4,2,1,1,0.8213760999999999,73.28009999999995,e3*?,?
25,71,3,4,2,0,1,0.6467272,74.00914590000002,e3.=,=
25,72,4,1,0,0,1,0.3651642,74.10147610000013,b1.?,?
25,73,3,5,3,0,1,1.0499798,75.75919999999996,f4.?,?
25,74,4,2,2,0,1,0.835785,76.85050000000001,c3.?,?
25,75,3,1,2,0,1,0.7684196000000001,77.49229999999989,b3.?,?
25,76,4,0,0,1,1,0.2823799,77.68628500000023,a1*?,?
25,77,3,1,0,0,1,0.2925518,78.2607195999999,b1.?,?
25,78,3,5,4,0,1,1.1110836,79.61580000000004,f5.?,?
25,79,4,2,2,0,0,0.8613377,81.67180000000008,c3.?,?
25,80,4,0,0,1,0,0.271131,82.53313770000022,a1*?,?
25,81,1,5,4,0,1,1.1795,84.87129999999979,f5.?,?
25,82,3,5,4,0,1,1.2081619,89.28710000000001,f5./,/
25,83,1,5,4,0,1,1.1149,89.49850000000015,f5.\,\
25,84,4,5,4,0,1,1.2402265,91.73079999999982,f5.?,?
25,85,3,5,4,0,1,1.2267495,93.10069999999996,f5./,/
25,86,4,5,2,0,0,0.7188831000000001,94.27399999999987,f3.?,?
25,87,4,5,4,0,1,1.2650783,96.98590000000011,f5.?,?
25,88,1,5,4,0,1,1.1411583,97.69849999999995,f5./,/
25,89,4,5,4,0,1,1.2561368,101.15160000000014,f5.=,=
25,90,1,5,4,0,1,1.125675,102.15599999999996,f5.=,=
25,91,6,5,4,0,1,1.2402464,105.9670000000001,f5.?,?
25,92,7,4,2,0,0,0.8152904999999999,108.01400000000012,e3.?,?
25,93,7,2,0,0,1,0.2774218,108.8292905000003,c1.?,?
25,94,1,0,2,0,0,0.7915749999999999,118.42090000000007,a3.?,?
25,95,1,1,0,0,1,0.2203999999999999,119.21247500000028,b1.?,?
25,96,8,5,4,0,1,1.1934521,119.21250000000008,f5.?,?
25,97,1,1,0,1,1,0.2758917,119.43287499999995,b1*/,/
25,98,1,0,2,0,1,0.7424583,124.4650999999999,a3.?,?
25,99,8,5,4,0,1,1.2012972,124.48559999999998,f5.=,=
25,100,1,1,0,0,0,0.1738833,125.20755830000007,b1.?,?
25,101,1,1,0,0,0,0.2309427,125.38144160000002,b1./,/
25,102,1,1,0,0,1,0.3120739999999999,125.61238430000004,b1./,/
25,103,9,5,4,0,1,1.2086065,129.23759999999993,f5.?,?
25,104,1,0,2,0,0,0.7856251000000001,129.66060000000016,a3.?,?
25,105,1,1,0,0,0,0.1833166,130.4462251,b1.?,?
25,106,1,1,0,0,0,0.2384,130.62954170000012,b1./,/
25,107,1,1,0,1,0,0.2707834,130.8679417000003,b1*/,/
25,108,10,5,4,0,0,1.1287594,134.56500000000003,f5.?,?
26,0,2,6,0,1,0,0.4389915,0.0,g1*?,?
26,1,2,3,0,0,0,0.3884499999999999,4.931774999999902,d1.?,?
26,2,2,3,0,1,0,0.3617667,7.6801999999999,d1*\,\
26,3,3,3,0,0,1,0.3429085,9.349299999999973,d1.?,?
26,4,2,3,0,1,1,0.3760922,9.373539800000003,d1*=,=
26,5,2,3,0,0,1,0.382951,14.292116899999884,d1.=,=
26,6,3,3,0,1,1,0.3075240999999999,14.498099999999909,d1*\,\
26,7,3,5,2,1,1,0.8480559,17.90879999999993,f3*?,?
26,8,2,3,0,0,1,0.3843158,18.88882299999989,d1.=,=
26,9,3,5,2,0,1,0.8638683,21.99579999999992,f3.=,=
26,10,2,5,2,0,0,0.9272865,25.988699999999994,f3.?,?
27,0,2,5,4,0,0,1.4526882,0.0,f5.?,?
27,1,2,5,4,0,0,1.3237522,2.4913999999999987,f5.\,\
27,2,2,5,4,0,0,1.4399001,5.699700000000007,f5./,/
28,0,2,6,1,0,0,0.4740667,0.0,g2.?,?
28,1,2,5,2,0,1,0.9178718,4.407299999999964,f3.?,?
28,2,1,5,3,0,1,0.9922,4.714399999999955,f4.?,?
28,3,2,5,2,0,1,0.8576044,8.188499999999976,f3.\,\
28,4,1,5,2,0,0,0.8677083,8.588999999999942,f3.?,?
28,5,1,5,2,0,1,0.8866917,11.665399999999975,f3./,/
28,6,2,5,2,0,1,0.9235981,13.88519999999994,f3./,/
28,7,1,6,2,0,0,0.7822583000000001,14.340900000000032,g3.?,?
28,8,1,1,0,0,1,0.4193166,19.132299999999987,b1.?,?
28,9,2,5,3,0,1,0.9497891,19.494500000000016,f4.?,?
28,10,1,1,0,0,1,0.2804667,19.55161659999999,b1.\,\
28,11,1,1,1,0,0,0.4932166999999999,23.064200000000028,b2.?,?
28,12,1,1,0,0,1,0.3067083,23.557416699999976,b1.?,?
28,13,2,5,3,0,1,0.9689138,26.05619999999999,f4./,/
28,14,1,5,2,0,0,0.8991,27.13509999999997,f3.?,?
28,15,1,5,2,0,1,0.8900832999999999,31.30409999999995,f3.=,=
28,16,2,5,4,0,0,1.1693681,34.91539999999998,f5.?,?
28,17,2,5,4,0,1,1.1593907,38.66549999999995,f5.=,=
28,18,1,5,4,0,1,1.1157583,40.45330000000001,f5.?,?
28,19,2,5,4,0,1,1.1751097,43.67059999999992,f5.=,=
28,20,1,5,4,0,1,1.1650167,45.95629999999994,f5./,/
28,21,2,5,4,0,1,1.2515440999999998,50.14959999999997,f5./,/
28,22,1,5,4,0,1,1.2025666,51.86789999999996,f5./,/
28,23,2,5,4,0,1,1.2423598,55.26299999999992,f5.=,=
28,24,1,5,4,0,1,1.1897916999999998,57.55819999999994,f5.=,=
28,25,2,5,4,0,0,1.2307185,58.56299999999999,f5.=,=
28,26,2,5,4,0,1,1.2604601,70.46219999999994,f5./,/
28,27,1,5,4,1,1,1.303125,71.82460000000003,f5*/,/
28,28,2,4,2,0,1,0.7177436,75.7331395,e3.?,?
28,29,1,5,4,0,1,1.2896083,76.34410000000003,f5.=,=
28,30,2,5,4,0,1,1.19243,80.86339999999996,f5.?,?
28,31,1,5,4,1,1,1.2745833000000002,81.13040000000001,f5*=,=
28,32,2,4,2,1,1,0.7208668,86.06955259999995,e3*?,?
28,33,1,4,2,1,0,0.7849666,92.13497499999994,e3*?,?
28,34,2,5,4,0,1,1.2036509,96.08899999999994,f5.?,?
28,35,1,5,4,1,0,1.2359583,98.0634,f5*?,?
28,36,2,4,2,0,1,0.760222,101.41477780000002,e3.?,?
28,37,1,2,3,0,0,1.0198416,103.84179999999992,c4.?,?
28,38,1,3,0,0,0,0.4280666999999999,104.86164159999998,d1.?,?
28,39,1,1,0,1,1,0.4142741,105.28970830000004,b1*?,?
28,40,2,4,1,0,0,0.6086104,105.68259619999992,e2.?,?
28,41,2,3,0,0,1,0.3619654,106.2912066,d1.?,?
28,42,1,5,4,0,0,1.162775,110.33129999999994,f5.?,?
29,0,1,5,4,0,1,1.3567,0.0,f5.?,?
29,1,2,5,4,0,1,1.2049419,0.4796000000005733,f5.?,?
29,2,1,5,4,0,1,1.3458955,4.725300000000061,f5.=,=
29,3,2,5,4,0,1,1.2045072,5.036299999999756,f5.=,=
29,4,1,5,4,0,1,1.3563166,9.101800000000368,f5.=,=
29,5,2,5,4,0,0,1.2187910999999998,10.42109999999957,f5.=,=
29,6,2,5,4,0,1,1.3108252,22.43629999999939,f5./,/
29,7,1,5,4,0,0,1.3053167,23.1237000000001,f5.\,\
29,8,1,5,4,0,0,1.341375,27.54989999999998,f5./,/
29,9,1,5,4,0,1,1.3566917,32.50959999999941,f5.=,=
29,10,3,5,4,0,0,1.248625,34.205799999999726,f5.?,?
29,11,3,5,4,0,0,1.2418917,39.28969999999936,f5.=,=
29,12,3,5,4,0,0,1.2707,45.03089999999975,f5./,/
29,13,3,5,4,0,0,1.3297,51.82359999999972,f5./,/
29,14,3,5,4,0,0,1.3647333,56.44850000000042,f5./,/
29,15,3,5,4,0,0,1.3782666,61.07539999999972,f5.=,=
29,16,3,5,4,0,1,1.397475,66.1348999999991,f5./,/
29,17,1,5,4,0,0,1.2858417,71.1857,f5.\,\
29,18,1,5,4,0,0,1.3185502,75.507599999999,f5./,/
29,19,1,5,4,0,1,1.3523166999999998,79.40940000000046,f5./,/
29,20,4,5,4,0,1,1.3952391,83.37489999999889,f5.?,?
29,21,1,5,4,0,1,1.2745834,83.69499999999971,f5.\,\
29,22,4,5,4,0,1,1.3795529000000002,88.01469999999972,f5.=,=
29,23,1,5,4,0,1,1.2901417,88.19130000000041,f5.=,=
29,24,4,5,4,0,1,1.3829739,92.6330999999991,f5.=,=
29,25,1,5,4,0,0,1.26988,93.09579999999914,f5.=,=
29,26,1,5,4,0,1,1.23925,106.47999999999956,f5.\,\
29,27,4,5,4,0,0,1.4376667,115.29210000000056,f5./,/
29,28,4,5,4,0,1,1.450475,119.54190000000015,f5.=,=
29,29,3,5,4,0,0,1.4216084,124.386199999999,f5./,/
29,30,3,5,4,0,1,1.4229,129.2386000000006,f5.=,=
29,31,4,5,4,0,0,1.4684667,133.65300000000025,f5.=,=
29,32,4,5,4,0,0,1.4506666,138.09959999999955,f5.=,=
29,33,4,5,4,0,1,1.4669078,142.83139999999912,f5.=,=
29,34,1,5,4,0,1,1.2986333,157.43119999999908,f5./,/
29,35,4,5,4,0,0,1.4864379000000003,168.6849000000002,f5./,/
29,36,4,3,4,0,1,1.510241,173.8802999999989,d5.?,?
29,37,1,5,4,0,1,1.2991166,174.66120000000046,f5.=,=
29,38,4,5,4,0,0,1.4580583,178.6972999999998,f5.?,?
29,39,4,5,4,0,1,1.4571082999999998,183.82970000000023,f5.=,=
29,40,1,5,4,0,1,1.30265,188.1345999999994,f5.=,=
29,41,4,5,4,0,1,1.323261,189.16539999999983,f5.\,\
29,42,1,5,4,0,1,1.2958667,192.84289999999964,f5.=,=
29,43,4,5,4,0,0,1.3085512,193.3104000000003,f5.=,=
29,44,4,5,4,0,1,1.3258393,197.4244999999992,f5.=,=
29,45,1,5,4,0,1,1.2840665999999998,197.5715999999993,f5.=,=
29,46,1,5,4,0,1,1.1565333,201.5602999999992,f5.\,\
29,47,4,5,4,1,1,1.3282734,201.6996999999992,f5*=,=
29,48,1,5,4,0,1,1.1583166,206.073699999999,f5.=,=
29,49,4,5,4,1,1,1.303438,206.15459999999985,f5*\,\
29,50,1,5,4,0,0,1.2569666000000002,211.4405999999999,f5./,/
30,0,1,8,0,0,0,0.2509167,0.0,i1.?,?
30,1,1,1,0,0,0,0.1060916,0.2509166999989247,b1.?,?
30,2,1,8,0,0,0,0.25465,5.048800000000483,i1.?,?
30,3,1,1,0,1,0,0.1016,5.30344999999943,b1*?,?
30,4,1,8,0,0,0,0.263025,9.945700000000215,i1.?,?
30,5,1,1,0,0,0,0.1108166,10.208725000000411,b1.?,?
30,6,1,15,1,0,0,0.4501084,14.819700000000012,p2.?,?
31,0,2,6,1,0,0,0.5132409,0.0,g2.?,?
31,1,2,5,4,1,0,1.1223176,6.427500000000009,f5*?,?
31,2,2,3,0,1,0,0.3836344,14.038602800000035,d1*?,?
31,3,2,3,0,0,0,0.3808197,17.2965314999999,d1.=,=
31,4,2,1,0,0,0,0.2084681,20.288299999999936,b1.?,?
31,5,2,1,0,1,0,0.2851825,20.496768099999827,b1*/,/
31,6,2,9,1,0,0,0.4990126,21.838513599999946,j2.?,?
32,0,1,6,2,0,0,0.7895783999999999,0.0,g3.?,?
32,1,1,3,3,0,0,0.9918333,3.01010000000133,d4.?,?
32,2,1,6,4,0,0,1.1252333,6.21900000000096,g5.?,?
33,0,1,13,2,0,0,0.6176166999999999,0.0,n3.?,?
33,1,1,8,0,0,0,0.3831597,5.830691699999079,i1.?,?
33,2,1,8,0,1,0,0.4075523,6.21385139999984,i1*/,/
34,0,2,6,1,0,0,0.5131711,0.0,g2.?,?
34,1,2,5,4,0,0,1.1221418,6.426699999999983,f5.?,?
34,2,2,5,3,1,0,1.0253116,9.987300000000005,f4*?,?
34,3,2,3,0,1,0,0.3835450999999999,14.036176700000055,d1*?,?
34,4,2,3,0,0,0,0.3809716999999999,17.29334819999997,d1.=,=
34,5,2,1,0,0,0,0.205375,20.28460000000007,b1.?,?
34,6,2,1,0,1,0,0.2851083,20.489975000000072,b1*/,/
34,7,2,9,1,0,1,0.4989165999999999,21.83444170000007,j2.?,?
34,8,1,5,2,0,0,0.7743332999999999,24.246899999999982,f3.?,?
34,9,1,5,2,0,0,0.7578917000000001,26.83000000000004,f3.=,=
34,10,1,1,0,0,0,0.4072417,29.012000000000057,b1.?,?
34,11,1,1,0,0,0,0.2851083,29.419241700000043,b1.\,\
35,0,2,7,0,0,0,0.3274667,0.0,h1.?,?
35,1,2,3,0,0,0,0.2306488,0.3274666999999454,d1.?,?
35,2,2,1,0,0,0,0.2827296,0.5581154999999853,b1.?,?
36,0,2,5,2,0,0,0.8373946999999999,0.0,f3.?,?
36,1,2,5,2,0,1,0.8350778,3.04970000000003,f3.=,=
36,2,3,5,2,0,1,0.8304879000000001,3.4705999999999904,f3.?,?
36,3,4,6,1,1,1,0.4887664,3.73860000000002,g2*?,?
37,0,2,5,2,0,1,0.8406038,0.0,f3.?,?
37,1,3,5,2,0,1,0.8596868999999999,13.402500000000032,f3.?,?
37,2,2,5,2,0,1,0.8312316000000001,13.579500000000053,f3.=,=
37,3,2,2,2,0,0,0.8616833,26.49590000000001,c3.?,?
37,4,2,0,0,1,0,0.2712122999999999,27.357583299999988,a1*?,?
38,0,2,9,0,0,0,0.2165582999999999,0.0,j1.?,?
38,1,2,8,0,0,0,0.2096167,0.2165582999999742,i1.?,?
38,2,2,3,0,0,0,0.1283166,0.4261749999999438,d1.?,?
38,3,2,1,0,0,0,0.108675,0.5544916000000057,b1.?,?
38,4,2,1,0,0,0,0.0903334,0.6631665999999541,b1.=,=
38,5,2,1,0,0,0,0.3447916,0.7535000000000309,b1./,/
38,6,2,5,4,0,1,1.2001928999999998,11.633500000000026,f5.?,?
38,7,3,1,0,0,0,0.1737727,12.355500000000006,b1.?,?
38,8,3,1,0,0,0,0.2307946,12.52927269999998,b1./,/
38,9,3,1,0,0,0,0.3116619,12.76006730000006,b1./,/
39,0,2,5,4,0,1,1.2022339,0.0,f5.?,?
39,1,3,0,2,0,0,0.7850976000000001,0.4232999999999265,a3.?,?
39,2,3,1,0,0,0,0.183196,1.2083975999998984,b1.?,?
39,3,3,1,0,0,0,0.2382475,1.391593599999965,b1./,/
39,4,3,1,0,1,0,0.2706069,1.6298410999999078,b1*/,/
40,0,2,5,3,1,0,1.0633831,0.0,f4*?,?
40,1,2,5,3,0,0,0.9929262,4.846100000000092,f4.\,\
40,2,2,5,2,0,0,0.8637153000000001,8.07140000000004,f3.?,?
40,3,2,5,2,0,0,0.7522618,11.226600000000076,f3.\,\
41,0,1,1,1,0,1,0.486475,0.0,b2.?,?
41,1,2,5,2,0,1,0.7546562,0.1444999999999936,f3.?,?
41,2,1,1,0,0,0,0.2977417,0.4864749999999276,b1.?,?
41,3,1,5,2,0,1,0.7505584000000001,1.7066999999999553,f3.?,?
41,4,2,5,2,0,0,0.9036768,2.2574999999999363,f3./,/
41,5,2,1,0,0,0,0.0427523999999999,4.876699999999914,b1.?,?
41,6,2,0,0,1,0,0.0486068,4.919452399999955,a1*?,?
41,7,2,1,0,0,0,0.052885,5.018624999999929,b1.?,?
41,8,2,0,0,0,0,0.0655337,5.071509999999989,a1.?,?
41,9,2,1,0,0,0,0.0466081,5.137043699999936,b1.?,?
41,10,2,0,0,0,1,0.0484761,5.183651800000007,a1.?,?
41,11,3,5,2,0,1,0.7552547000000001,5.232199999999921,f3.?,?
41,12,1,1,1,0,0,0.451175,7.207499999999982,b2.?,?
41,13,1,1,0,0,0,0.2734833,7.658674999999903,b1.?,?
41,14,1,6,2,0,1,0.6963917,9.828499999999964,g3.?,?
41,15,2,5,2,0,1,0.8358229999999999,11.95150000000001,f3.?,?
41,16,3,5,2,0,1,0.8192957999999999,15.744499999999904,f3./,/
41,17,2,15,0,1,1,0.2590347,15.816499999999904,p1*?,?
41,18,2,3,0,0,0,0.1498474,16.11468309999998,d1.?,?
41,19,2,2,0,0,1,0.1240443,16.264530499999978,c1.?,?
41,20,1,5,2,0,1,0.7975417,18.906299999999987,f3.?,?
41,21,3,5,2,0,0,0.7783383,25.519499999999997,f3.\,\
42,0,1,6,0,1,0,0.2430667,0.0,g1*?,?
42,1,1,3,0,0,0,0.2190832999999999,5.168583300001046,d1.?,?
42,2,1,6,0,0,0,0.3643166999999999,9.028483300000516,g1.?,?
42,3,1,6,0,0,0,0.37045,11.049383300000043,g1.=,=
42,4,1,6,2,0,0,0.7381834,13.999983300000167,g3.?,?
42,5,1,6,2,1,0,0.7020666,17.902883299997484,g3*\,\
42,6,1,2,1,0,1,0.4803667,21.56248160000177,c2.?,?
42,7,2,6,0,0,1,0.3211256,24.60908329999802,g1.?,?
42,8,1,5,2,0,1,0.6629999999999999,24.66658330000064,f3.?,?
43,0,1,3,0,1,0,0.232725,0.0,d1*?,?
43,1,2,6,0,0,1,0.296307,4.610200000002806,g1.?,?
43,2,1,5,0,0,1,0.345625,4.677700000000186,f1.?,?
43,3,1,0,0,0,1,0.1810167,9.49790000000212,a1.?,?
43,4,2,6,0,0,1,0.2837634,9.628100000001725,g1.=,=
43,5,1,1,0,0,1,0.17535,9.678916700002446,b1.?,?
43,6,1,6,0,0,0,0.3593167,14.48070000000007,g1.?,?
44,0,2,5,0,0,0,0.3401021,0.0,f1.?,?
45,0,1,3,0,0,0,0.1257867,0.0,d1.?,?
45,1,1,1,0,0,0,0.1047417,0.1257866999985708,b1.?,?
45,2,1,15,0,0,0,0.3288833,5.429400000000896,p1.?,?
46,0,2,5,4,0,0,1.6885917,0.0,f5.?,?
47,0,4,5,4,0,0,1.3525168,0.0,f5.?,?
47,1,4,5,4,0,0,1.3429176,8.07809999999995,f5.=,=
47,2,4,5,4,1,0,1.3025333,13.057000000000016,f5*\,\
47,3,4,4,2,0,0,0.7805804,18.38059999999996,e3.?,?
47,4,4,5,4,0,0,1.155175,22.031799999999976,f5.?,?
47,5,4,5,3,0,0,0.990975,25.919599999999942,f4.?,?
47,6,4,5,2,1,1,0.8135655,28.340400000000045,f3*?,?
47,7,3,4,2,0,1,0.7238624,29.656051599999955,e3.?,?
47,8,4,5,2,0,0,0.6985833000000001,30.3741,f3.\,\
47,9,4,5,2,0,1,0.6914794999999999,32.16409999999996,f3.=,=
47,10,3,5,3,0,1,1.057796,32.182199999999966,f4.?,?
47,11,4,5,2,1,0,0.6634477999999999,37.8895,f3*\,\
47,12,4,5,2,0,1,0.6500649,40.06529999999998,f3.=,=
47,13,3,5,3,0,1,0.9990136,40.36620000000016,f4.\,\
47,14,4,5,2,0,1,0.6824917,44.683500000000095,f3./,/
47,15,3,5,4,0,1,1.2951268,46.40589999999997,f5.?,?
47,16,4,5,2,0,0,0.6651584,47.21600000000012,f3.=,=
47,17,4,5,2,0,1,0.6518334,49.88869999999997,f3.=,=
47,18,3,5,4,0,1,1.2366001999999998,50.05420000000004,f5.\,\
47,19,3,5,4,0,1,1.1606992,53.02610000000004,f5.\,\
47,20,4,5,2,0,1,0.7739797999999999,53.19010000000003,f3./,/
47,21,3,5,4,0,1,1.1951722,56.19679999999994,f5./,/
47,22,4,5,2,0,1,0.7196309,56.31130000000008,f3.\,\
47,23,3,5,4,0,1,1.0930672,58.98590000000013,f5.\,\
47,24,4,5,2,0,1,0.7668966,59.43399999999997,f3./,/
47,25,3,5,4,0,1,1.1202981,62.28580000000011,f5./,/
47,26,4,5,2,0,1,0.7448267000000001,62.38450000000012,f3.\,\
47,27,4,5,2,0,1,0.8427962,65.76469999999995,f3./,/
47,28,3,5,4,0,1,1.1059568,65.93690000000015,f5.=,=
47,29,3,5,4,0,1,1.1495046,69.06310000000008,f5./,/
47,30,4,5,2,0,1,0.8828128,69.83280000000013,f3./,/
47,31,3,5,4,0,1,1.1315699,72.50810000000001,f5.=,=
47,32,4,5,2,0,1,0.841865,72.93240000000014,f3.\,\
47,33,3,5,4,0,1,1.1539510000000002,75.71050000000014,f5./,/
47,34,4,5,2,0,1,0.8886205999999999,75.86570000000006,f3./,/
47,35,3,5,4,0,1,1.1410596,78.68070000000012,f5.=,=
47,36,4,5,2,0,1,0.9242164,78.9054000000001,f3./,/
47,37,3,5,4,0,1,1.1638458,81.88010000000008,f5./,/
47,38,4,5,3,0,1,0.9594173,82.13350000000014,f4.?,?
47,39,3,5,4,0,1,1.1761665,84.94430000000011,f5.=,=
47,40,4,5,3,0,1,0.97205,85.55120000000011,f4.=,=
47,41,3,5,4,0,1,1.1355416,88.67380000000003,f5.\,\
47,42,4,5,4,0,0,1.0973417,92.60410000000002,f5.?,?
47,43,4,5,4,0,1,1.1694334,96.90930000000004,f5./,/
47,44,3,5,4,1,1,1.3309136,99.68499999999996,f5*/,/
47,45,4,4,2,0,1,0.7219476,103.53018470000006,e3.?,?
47,46,3,5,4,0,1,1.3330289,103.79340000000002,f5.=,=
47,47,3,5,4,1,1,1.2740777,107.00130000000011,f5*\,\
47,48,4,2,2,0,1,0.6664126,108.22307300000011,c3.?,?
47,49,3,5,4,0,1,1.2300548999999998,110.80050000000006,f5.\,\
47,50,4,2,2,0,0,0.8594604000000001,111.49430000000008,c3./,/
47,51,4,1,0,0,1,0.330078,112.35376040000006,b1.?,?
47,52,3,5,4,0,0,1.2020356,114.5498,f5.\,\
48,0,2,5,4,0,0,1.2837666,0.0,f5.?,?
48,1,2,5,4,0,1,1.2803234,4.605599999999996,f5.=,=
48,2,1,5,4,0,1,1.1989167,5.0351,f5.?,?
48,3,2,5,4,0,0,1.2807715000000002,8.654399999999995,f5.=,=
48,4,2,5,4,0,1,1.2979049,12.6271,f5.=,=
48,5,1,5,4,0,1,1.1761584,13.097300000000004,f5.\,\
48,6,2,5,4,0,1,1.2413425,16.726099999999988,f5.\,\
48,7,1,5,4,0,1,1.1653667,17.294499999999985,f5.=,=
48,8,2,5,4,0,0,1.2750417,20.910999999999987,f5./,/
48,9,2,5,4,0,1,1.2388842,25.28580000000001,f5.\,\
48,10,1,5,4,0,0,1.2098083,25.64120000000001,f5./,/
49,0,2,4,2,0,0,0.6892889,0.0,e3.?,?
49,1,2,5,3,0,0,1.0558619,4.025639200000114,f4.?,?
49,2,2,5,3,0,0,1.0783277,7.760539200000039,f4./,/
50,0,1,5,4,0,0,1.2745,0.0,f5.?,?
50,1,1,5,4,0,0,1.274625,8.92319999999998,f5.=,=
51,0,2,2,4,0,0,1.1041818,0.0,c5.?,?
51,1,2,1,0,0,0,0.3930369999999999,1.1041818000001058,b1.?,?
51,2,2,2,3,0,0,1.0628577,5.461700000000064,c4.?,?
51,3,2,3,1,0,0,0.5239414,6.524557700000059,d2.?,?
51,4,2,1,0,0,0,0.0771836,21.219400000000174,b1.?,?
51,5,2,1,0,1,0,0.0771178,31.30510000000004,b1*=,=
51,6,2,1,0,0,0,0.1087074,31.382220899999997,b1./,/
51,7,2,1,0,1,0,0.0861678,31.490928300000174,b1*\,\
51,8,2,0,0,0,0,6.6e-06,31.623935100000157,a1.?,?
51,9,2,1,0,0,1,0.0840521,31.62394170000016,b1.?,?
51,10,1,8,1,0,0,0.523925,38.88810000000012,i2.?,?
51,11,1,1,0,0,0,0.172725,44.05280000000016,b1.?,?
51,12,1,0,0,0,0,0.190825,44.22552500000006,a1.?,?
51,13,1,1,0,1,0,0.1656667,44.41635000000019,b1*?,?
51,14,1,1,0,0,0,0.1622666999999999,48.8614,b1.=,=
51,15,1,0,0,0,0,0.1948667,49.02366670000015,a1.?,?
51,16,1,1,0,0,1,0.1516583,49.21853340000007,b1.?,?
51,17,2,3,0,0,1,0.1060962,49.3610000000001,d1.?,?
51,18,1,1,0,0,1,0.202925,49.37019170000008,b1./,/
51,19,2,3,0,0,1,0.1508507,49.467096200000015,d1./,/
51,20,2,3,0,0,0,0.1270748,49.617946900000106,d1.\,\
51,21,2,3,0,0,0,0.1170265,49.74502170000005,d1.=,=
51,22,2,1,0,0,0,0.0930132,49.86204820000012,b1.?,?
51,23,2,1,0,0,0,0.2016265,49.95506139999998,b1./,/
51,24,2,1,0,0,1,0.3402345,50.15668790000018,b1./,/
51,25,1,8,0,0,0,0.4217333,50.702400000000125,i1.?,?
51,26,1,3,0,0,0,0.2461584,51.12413330000004,d1.?,?
51,27,1,8,0,0,0,0.386825,51.93504700000017,i1.?,?
51,28,1,9,0,1,0,0.3685084,52.32187199999999,j1*?,?
51,29,2,5,3,0,1,1.0132415,55.08560000000011,f4.?,?
51,30,1,5,2,0,1,0.7823666,55.50660000000016,f3.?,?
51,31,2,5,3,0,1,0.9974209,58.30860000000007,f4.=,=
51,32,1,1,1,0,1,0.5032083,58.53710000000001,b2.?,?
51,33,1,1,0,1,0,0.3222083,59.040308300000106,b1*?,?
51,34,1,2,1,0,0,0.5631832999999999,61.67997500000001,c2.?,?
51,35,1,5,2,1,1,0.7944678999999999,64.42600000000016,f3*?,?
51,36,2,11,0,0,0,0.2479118999999999,64.75600400000008,l1.?,?
51,37,2,8,0,0,0,0.1982841,65.00391590000004,i1.?,?
51,38,2,3,0,0,0,0.14015,65.20220000000018,d1.?,?
51,39,2,1,0,0,0,0.1834483,65.34235000000012,b1.?,?
51,40,2,1,0,0,1,0.3451744,65.52579830000013,b1./,/
51,41,1,5,2,1,0,0.755075,67.43230000000017,f3*\,\
51,42,1,1,1,0,1,0.48195,70.97780000000012,b2.?,?
51,43,2,11,0,0,1,0.2521282,71.44640000000004,l1.?,?
51,44,1,0,0,0,1,0.3220917,71.45974999999999,a1.?,?
51,45,2,8,0,0,1,0.2002486,71.69852820000006,i1.?,?
51,46,2,3,0,0,0,0.1246569,71.89877680000018,d1.?,?
51,47,2,1,0,0,0,0.1572261,72.02343370000017,b1.?,?
51,48,2,1,0,1,0,0.2667079,72.18065980000006,b1*/,/
51,49,1,6,2,0,1,0.738475,74.98530000000005,g3.?,?
51,50,2,13,0,0,1,0.2754144,75.04079999999999,n1.?,?
51,51,2,8,0,0,0,0.1905829,75.31621440000004,i1.?,?
51,52,2,3,0,0,0,0.1208881,75.50679730000002,d1.?,?
51,53,2,1,0,0,0,0.1314846,75.62768540000002,b1.?,?
51,54,2,1,0,0,1,0.2436520999999999,75.75917000000004,b1./,/
51,55,1,1,1,0,0,0.4565249999999999,78.58410000000003,b2.?,?
51,56,1,1,0,0,0,0.3057916,79.04062500000009,b1.?,?
51,57,1,0,1,0,1,0.4770583,82.6378000000002,a2.?,?
51,58,2,5,3,0,1,1.010531,82.64100000000008,f4.?,?
51,59,1,0,0,0,0,0.3273084,83.11485830000015,a1.?,?
51,60,1,1,1,0,0,0.5084,86.14030000000002,b2.?,?
51,61,1,0,0,0,0,0.3416333,86.64870000000019,a1.?,?
51,62,1,5,2,0,1,0.9001250000000001,90.23829999999998,f3.?,?
51,63,2,5,3,0,1,1.0254696,90.47230000000012,f4.=,=
51,64,1,5,3,0,1,0.9329917,94.12779999999998,f4.?,?
51,65,2,5,3,0,1,0.9624037,94.1784,f4.\,\
51,66,1,5,3,0,0,0.9717584,98.15880000000016,f4./,/
51,67,1,5,3,0,1,0.9998,102.15190000000008,f4./,/
51,68,2,11,0,0,0,0.2517905,102.46820000000002,l1.?,?
51,69,2,8,0,0,0,0.1956146,102.7199905,i1.?,?
51,70,2,3,0,0,0,0.1273476999999999,102.9156051,d1.?,?
51,71,2,1,0,0,0,0.148295,103.0429528000002,b1.?,?
51,72,2,1,0,1,0,0.2612481,103.19124780000016,b1*/,/
51,73,1,5,3,0,1,0.9838975,106.24120000000016,f4.=,=
51,74,2,13,0,0,1,0.2720975,106.44170000000008,n1.?,?
51,75,2,8,0,0,0,0.1974083,106.71379750000006,i1.?,?
51,76,2,3,0,0,0,0.1134356,106.91120580000006,d1.?,?
51,77,2,1,0,0,0,0.1050963,107.02464140000006,b1.?,?
51,78,2,1,0,0,0,0.1949461,107.12973770000008,b1./,/
51,79,2,1,0,0,1,0.3371043999999999,107.3246838,b1./,/
51,80,1,5,3,0,0,0.9981667,111.27410000000008,f4.=,=
51,81,1,5,3,0,1,1.0166084000000002,117.05140000000006,f4.=,=
51,82,2,13,0,0,1,0.2823399,117.2355,n1.?,?
51,83,2,6,0,0,0,0.161018,117.51783990000013,g1.?,?
51,84,2,3,0,0,0,0.1159135,117.67885790000014,d1.?,?
51,85,2,1,0,1,0,0.0947339,117.79477140000016,b1*?,?
51,86,2,0,0,0,1,0.4100533,117.96913949999998,a1.?,?
51,87,1,5,3,0,0,1.0250167,121.52130000000012,f4.=,=
51,88,1,5,4,0,0,1.0894333,126.4177000000002,f5.?,?
51,89,1,5,4,0,0,1.0808167000000002,130.9594000000002,f5.=,=
52,0,2,7,2,0,1,0.6441732,0.0,h3.?,?
52,1,1,5,4,0,1,1.2802999999999998,5.358999999999924,f5.?,?
52,2,2,7,2,0,1,0.6363167,7.034400000000005,h3.=,=
52,3,1,5,4,0,1,1.3142333,10.405499999999847,f5./,/
52,4,2,7,2,0,1,0.6507333,12.396499999999833,h3.=,=
52,5,1,5,4,1,1,1.3190417,15.954499999999824,f5*=,=
52,6,2,2,2,0,1,0.6318777,16.95740960000012,c3.?,?
52,7,1,5,4,1,1,1.277225,20.93769999999995,f5*\,\
52,8,2,4,2,0,1,0.7539952,21.95531089999986,e3.?,?
52,9,1,5,4,0,1,1.2820999999999998,25.746799999999894,f5.=,=
52,10,2,5,4,0,1,1.1741181,26.440200000000004,f5.?,?
52,11,1,5,4,0,1,1.2557916999999998,30.49429999999984,f5.\,\
52,12,2,5,4,0,1,1.1578423,30.91449999999986,f5.=,=
52,13,1,5,4,1,1,1.2859856,35.15099999999984,f5*/,/
52,14,2,4,2,0,0,0.7208026999999999,36.21926650000023,e3.?,?
52,15,2,5,4,0,1,1.2111883,40.63070000000016,f5.?,?
52,16,1,5,4,0,1,1.25155,40.65129999999999,f5.\,\
52,17,1,5,4,0,1,1.2526387,45.03699999999981,f5.=,=
52,18,2,5,4,0,1,1.1673561,45.26800000000003,f5.\,\
52,19,1,5,4,1,1,1.2709666999999998,49.54329999999982,f5*=,=
52,20,2,4,2,0,1,0.7522539,50.88152630000013,e3.?,?
52,21,1,5,4,1,1,1.2365334,54.62149999999974,f5*\,\
52,22,2,4,2,0,1,0.7509385,55.2822355000003,e3.=,=
52,23,1,5,4,1,1,1.2219667,59.26269999999977,f5*=,=
52,24,2,4,2,0,1,0.7394423999999999,59.83077019999973,e3.=,=
52,25,1,5,4,0,1,1.2018227,63.71270000000004,f5.=,=
52,26,2,5,4,0,1,1.1972591999999995,63.72809999999981,f5.?,?
52,27,1,5,4,0,0,1.2266416000000002,67.55459999999994,f5./,/
52,28,1,5,4,1,1,1.2481584,72.12350000000015,f5*/,/
52,29,2,4,2,0,1,0.7576745999999999,73.07846640000025,e3.?,?
52,30,1,5,4,1,1,1.2688504,76.94320000000016,f5*/,/
52,31,2,4,2,0,1,0.6986156,77.89358990000028,e3.\,\
52,32,1,5,4,0,0,1.1718321,82.85480000000007,f5.\,\
52,33,1,5,4,0,1,1.266275,87.65299999999979,f5./,/
52,34,2,5,4,0,1,1.1424184,88.03850000000011,f5.?,?
52,35,1,5,4,0,1,1.28115,92.60599999999975,f5.=,=
52,36,2,5,4,0,1,1.1622478,92.9699999999998,f5./,/
52,37,1,5,4,1,1,1.2727833,97.16809999999988,f5*=,=
52,38,2,4,2,0,1,0.7391789,97.80345699999998,e3.?,?
52,39,1,5,4,0,0,1.2759674,101.81089999999996,f5.=,=
52,40,1,5,4,0,0,1.2856583,107.54950000000008,f5.=,=
52,41,1,5,4,0,0,1.2931333,112.3213999999998,f5.=,=
52,42,1,5,4,0,0,1.1904192,115.29379999999992,f5.\,\
52,43,1,5,4,0,0,1.1809584,119.41539999999986,f5.=,=
52,44,1,5,4,0,0,1.1562417,123.8386999999998,f5.\,\
52,45,1,5,4,0,0,1.302925,128.40859999999975,f5./,/
52,46,1,5,4,0,0,1.2842167,133.77050000000008,f5.=,=
52,47,1,5,4,1,0,1.2831334,138.39789999999994,f5*=,=
52,48,1,4,2,0,0,0.759675,143.71590830000014,e3.?,?
52,49,1,1,0,0,0,0.4090583,144.47558329999993,b1.?,?
52,50,1,5,4,0,1,1.1783,148.77970000000005,f5.?,?
52,51,2,11,0,0,0,0.2682415999999999,152.59299999999985,l1.?,?
52,52,2,8,0,0,0,0.2110584,152.86124160000008,i1.?,?
52,53,2,3,0,0,0,0.13305,153.0722999999998,d1.?,?
52,54,2,1,0,0,0,0.1868333,153.20534999999973,b1.?,?
52,55,2,1,0,0,1,0.3565083,153.39218329999994,b1./,/
52,56,1,5,4,0,1,1.1784333,154.4016999999999,f5.=,=
52,57,2,11,0,0,0,0.2516916999999999,161.78780000000006,l1.?,?
52,58,2,8,0,0,0,0.2063749999999999,162.03949169999987,i1.?,?
52,59,2,3,0,0,0,0.1218665999999999,162.24586670000008,d1.?,?
52,60,2,1,0,0,0,0.1322242,162.36773330000003,b1.?,?
52,61,2,1,0,0,0,0.240899,162.49995750000016,b1./,/
52,62,2,1,0,0,1,0.4141836,162.74085650000006,b1./,/
52,63,1,5,4,0,1,1.1355,162.7849000000001,f5.\,\
53,0,2,6,0,0,0,0.2123347,0.0,g1.?,?
53,1,2,1,0,0,0,0.0874222,0.2123347000001558,b1.?,?
53,2,2,8,0,1,0,0.2517478,4.80830509999987,i1*?,?
53,3,1,8,0,0,0,0.2346584,5.480305099999896,i1.?,?
53,4,1,3,0,0,0,0.1504,5.714963500000067,d1.?,?
53,5,1,3,0,0,0,0.1624083,11.316205099999934,d1.=,=
53,6,1,3,0,0,0,0.1391333,11.478613400000086,d1.\,\
53,7,1,1,0,0,0,0.0999584,11.61774669999977,b1.?,?
53,8,1,15,0,0,0,0.426925,17.394305099999656,p1.?,?
53,9,1,6,0,0,0,0.2131416,21.69030509999993,g1.?,?
53,10,1,3,0,1,0,0.141,21.90344670000013,d1*?,?
54,0,1,6,1,0,0,0.5169,0.0,g2.?,?
54,1,1,6,1,0,0,0.5201416,4.458600000000388,g2.=,=
54,2,1,6,1,0,0,0.52085,8.638200000000325,g2.=,=
55,0,1,5,4,0,0,1.300934,0.0,f5.?,?
55,1,1,5,4,0,1,1.314225,4.8714999999999975,f5.=,=
55,2,2,5,4,0,1,1.240351,11.449800000000003,f5.?,?
55,3,1,5,4,0,1,1.285558,17.591299999999997,f5.\,\
55,4,2,5,4,0,1,1.114085,18.130599999999998,f5.\,\
55,5,1,5,4,0,1,1.302867,21.865199999999994,f5.=,=
55,6,2,5,4,0,1,1.232997,25.4091,f5./,/
55,7,1,5,4,0,0,1.26735,26.232400000000005,f5.\,\
55,8,1,5,4,1,1,1.284125,30.4386,f5*=,=
55,9,2,4,2,0,0,0.6990190000000001,31.868617000000008,e3.?,?
55,10,2,5,4,1,0,1.178983,37.88,f5*?,?
55,11,2,4,2,0,1,0.7514419999999999,45.417017,e3.?,?
55,12,1,5,4,0,0,1.292325,48.6487,f5.=,=
56,0,1,5,4,0,1,1.3393583,0.0,f5.?,?
56,1,2,5,4,0,1,1.2413428000000002,1.077199999999948,f5.?,?
56,2,1,5,4,0,0,1.329525,4.684399999999982,f5.=,=
56,3,1,5,4,1,1,1.325425,9.176699999999984,f5*=,=
56,4,2,4,2,0,1,0.7192978,11.053626000000008,e3.?,?
56,5,1,5,4,1,1,1.3078584,14.09979999999996,f5*=,=
56,6,2,4,2,0,0,0.7367664,15.52425269999992,e3.=,=
57,0,1,5,4,0,0,1.330075,0.0,f5.?,?
57,1,1,5,4,1,1,1.3260364999999998,4.743400000000065,f5*=,=
57,2,2,4,2,0,1,0.7187748999999999,5.857428199999959,e3.?,?
57,3,1,5,4,1,1,1.2996083,9.079399999999964,f5*\,\
57,4,2,4,2,0,0,0.7144330999999999,10.585639399999993,e3.=,=
58,0,2,5,4,0,0,1.3691666,0.0,f5.?,?
58,1,2,5,4,0,0,1.3552497,5.086500000000001,f5.=,=
58,2,2,5,4,0,1,1.3523443,9.551900000000046,f5.=,=
58,3,1,5,4,0,1,1.261975,11.480500000000006,f5.?,?
58,4,2,5,4,0,0,1.318725,15.37060000000008,f5.\,\
58,5,2,5,4,0,1,1.3468865,20.37740000000008,f5./,/
58,6,1,5,4,0,1,1.2488,21.44550000000004,f5.=,=
58,7,2,5,4,0,1,1.2876182,25.978700000000003,f5.\,\
58,8,1,5,4,0,0,1.2465667,26.5403,f5.=,=
59,0,2,5,4,0,0,1.3445469,0.0,f5.?,?
59,1,2,5,4,0,1,1.2558428,4.138899999999921,f5.\,\
59,2,1,5,4,0,1,1.2045666000000002,4.697599999999966,f5.?,?
59,3,2,5,4,0,1,1.2003625,9.394000000000004,f5.\,\
59,4,1,5,4,0,1,1.2031333000000002,9.41930000000002,f5.=,=
59,5,1,5,4,0,0,1.2751083,18.7337,f5./,/
59,6,1,5,4,0,0,1.2618334,23.4624,f5.=,=
59,7,1,5,4,0,0,1.2998583,27.64440000000002,f5./,/
59,8,1,5,4,0,0,1.3204667,31.92039999999997,f5./,/
60,0,2,5,4,0,0,1.3609667,0.0,f5.?,?
60,1,2,5,4,0,0,1.3123083,6.363200000000006,f5.\,\
60,2,2,5,4,0,0,1.2879417,11.55690000000004,f5.\,\
60,3,2,5,4,0,0,1.327225,19.753299999999967,f5./,/
61,0,1,5,4,0,1,1.3368834,0.0,f5.?,?
61,1,2,1,2,0,1,0.887643,4.158799999999246,b3.?,?
61,2,1,5,4,0,1,1.2738917,4.31289999999899,f5.\,\
61,3,2,1,0,0,1,0.3302309,5.046442999999272,b1.?,?
61,4,1,5,4,0,1,1.2885333,8.968999999999141,f5.=,=
61,5,2,1,2,0,0,0.830627,9.286299999999756,b3.?,?
61,6,2,1,0,0,1,0.310949,10.116926999999125,b1.?,?
61,7,1,5,4,1,1,1.32125,13.433799999998882,f5*/,/
61,8,2,4,2,1,0,0.7325631,15.30103489999965,e3*?,?
61,9,2,4,2,0,1,0.7363500000000001,20.69609169999967,e3.=,=
61,10,1,5,4,1,1,1.301675,30.797099999999773,f5*=,=
61,11,2,4,2,0,1,0.7679017,31.503545899999157,e3./,/
61,12,1,5,4,0,0,1.3357249999999998,35.746399999999994,f5./,/
61,13,1,5,4,0,1,1.3247002,40.52009999999973,f5.=,=
61,14,2,7,2,0,1,0.6566143,40.72370000000046,h3.?,?
61,15,2,7,2,0,0,0.6404553,46.26310000000012,h3.=,=
61,16,2,7,2,0,1,0.6449959000000001,50.91769999999997,h3.=,=
61,17,1,5,4,0,0,1.2874395,51.42119999999886,f5.\,\
61,18,1,5,4,0,0,1.294625,55.77139999999963,f5.=,=
61,19,1,5,4,0,0,1.33655,60.491799999999785,f5./,/
61,20,1,5,4,0,0,1.2991667,65.1890000000003,f5.\,\
62,0,2,5,4,0,0,1.2419646,0.0,f5.?,?
62,1,2,5,4,0,1,1.2435164,7.428599999999278,f5.=,=
62,2,1,5,4,0,1,1.215575,8.177700000000186,f5.?,?
62,3,2,5,4,0,0,1.2397833,12.245999999999183,f5.=,=
62,4,2,5,4,0,1,1.1951583,16.803399999998874,f5.\,\
62,5,1,2,3,0,1,0.9727333,21.530099999999948,c4.?,?
62,6,2,5,4,0,1,1.152478,21.821399999998903,f5.\,\
62,7,1,1,0,1,0,0.25715,22.50283329999911,b1*?,?
62,8,2,5,4,0,1,1.157359,26.58100000000013,f5.=,=
62,9,1,0,2,0,1,0.7664917,26.72669999999925,a3.?,?
62,10,1,1,0,0,0,0.2026917,27.493191699999443,b1.?,?
62,11,1,1,0,1,0,0.2615,27.69588339999973,b1*/,/
62,12,2,5,4,1,1,1.1657275,31.564300000000003,f5*=,=
62,13,1,4,2,0,0,0.668425,32.61867499999971,e3.?,?
62,14,1,1,0,0,1,0.3264167,33.287099999999555,b1.?,?
62,15,2,5,4,0,0,1.1712666,37.434400000000096,f5.=,=
63,0,1,3,0,0,1,0.3702,0.0,d1.?,?
63,1,2,6,0,1,1,0.3323173,0.136000000000422,g1*?,?
63,2,1,6,1,0,1,0.4837,4.201699999999619,g2.?,?
63,3,2,6,0,1,1,0.3216583,7.827199999999721,g1*=,=
63,4,1,3,0,0,0,0.380725,9.971741699999257,d1.?,?
63,5,1,6,1,0,1,0.477284,14.8783999999996,g2.?,?
63,6,2,6,0,0,1,0.328859,15.163500000000568,g1.=,=
63,7,1,6,1,0,1,0.5027834,20.13630000000012,g2./,/
63,8,2,6,0,0,1,0.340278,20.736000000000782,g1.=,=
63,9,1,6,1,0,1,0.486575,25.90190000000075,g2.=,=
63,10,2,6,0,0,1,0.3173096,26.006999999999607,g1.\,\
64,0,1,6,1,0,0,0.480025,0.0,g2.?,?
64,1,1,6,1,1,0,0.4970166,5.015699999999924,g2*=,=
64,2,1,3,0,0,0,0.3923084,11.020366599997942,d1.?,?
65,0,1,6,1,0,0,0.5105917,0.0,g2.?,?
65,1,1,6,1,0,0,0.5006832999999999,5.352999999999156,g2.=,=
66,0,2,8,1,0,0,0.458175,0.0,i2.?,?
66,1,2,8,0,0,0,0.43425,0.4581749999997555,i1.?,?
66,2,2,8,0,0,0,0.4473667,0.8924250000000029,i1.=,=
66,3,2,8,1,1,0,0.4607166,1.3397917000002053,i2*?,?
66,4,2,1,0,0,0,0.23495,1.8927583000004236,b1.?,?
66,5,2,3,0,0,0,0.4037675,7.729241700000784,d1.?,?
66,6,2,3,0,0,1,0.388171,11.668541700000787,d1.=,=
66,7,1,6,1,0,1,0.4984416,13.079541700000846,g2.?,?
66,8,2,6,1,1,1,0.4879819999999999,16.2379417000011,g2*?,?
66,9,1,3,0,0,1,0.3791333,17.081575000000157,d1.?,?
66,10,2,3,0,1,1,0.3787774,19.69554170000083,d1*?,?
66,11,1,3,0,0,1,0.3705665999999999,20.150616700000683,d1.=,=
66,12,1,3,0,1,0,0.3584916,21.7479416999995,d1*=,=
66,13,1,3,0,1,0,0.3455666,22.885991700000886,d1*=,=
66,14,1,3,0,0,1,0.368175,24.138874700000088,d1./,/
66,15,2,5,2,0,1,0.8045703000000001,26.59354170000006,f3.?,?
66,16,1,5,2,0,1,0.8372,26.82934170000044,f3.?,?
66,17,1,5,2,0,1,0.7987833999999999,30.21414170000025,f3.\,\
66,18,2,5,2,0,1,0.8229488,33.21214169999985,f3.=,=
66,19,1,1,1,0,1,0.4966583,33.22224169999936,b2.?,?
66,20,1,1,0,0,0,0.3161833,33.71889999999985,b1.?,?
66,21,1,5,2,0,0,0.828525,36.60024169999997,f3.?,?
66,22,1,1,1,0,0,0.5032167000000001,39.86044170000059,b2.?,?
66,23,1,1,0,0,0,0.3212083,40.36365839999962,b1.?,?
66,24,1,1,1,0,0,0.4808666,43.360641700001,b2.?,?
66,25,1,1,0,0,0,0.3039917,43.841508300001806,b1.?,?
66,26,1,3,0,0,1,0.3936,47.12094170000091,d1.?,?
66,27,2,5,2,1,1,0.7668961,47.38514170000053,f3*\,\
66,28,1,3,0,0,1,0.4157666,50.9556917000009,d1./,/
66,29,2,6,1,0,1,0.5546017000000001,51.03064170000107,g2.?,?
66,30,2,6,1,0,1,0.546977,55.26314169999932,g2.=,=
66,31,1,0,0,0,1,0.410813,55.42354169999999,a1.?,?
66,32,1,1,0,0,0,0.2874017,55.8343547000004,b1.?,?
66,33,1,0,0,0,1,0.44825,59.31034170000021,a1.?,?
66,34,2,5,2,0,1,0.8301075,59.528341700000965,f3.?,?
66,35,1,1,0,0,1,0.3239583,59.75859169999967,b1.?,?
66,36,2,1,1,0,0,0.5151043,63.50614169999972,b2.?,?
66,37,2,1,0,0,0,0.3194629,64.02124600000025,b1.?,?
66,38,2,5,4,0,0,1.3124049999999998,69.60694169999988,f5.?,?
66,39,2,2,4,0,1,1.1087558,73.22794170000088,c5.?,?
66,40,1,5,4,1,1,1.1649,73.94714170000043,f5*?,?
66,41,2,5,4,0,1,1.2876381,78.09574170000087,f5.?,?
66,42,1,5,4,0,1,1.161175,78.60174170000028,f5.=,=
66,43,2,5,4,0,1,1.3158694999999998,82.50074169999971,f5./,/
66,44,1,5,4,1,0,1.1399583,83.35744169999998,f5*=,=
66,45,1,4,2,1,1,0.735225,88.12857509999958,e3*?,?
66,46,3,3,0,1,0,0.4012312,88.80174570000054,d1*?,?
66,47,3,3,0,1,0,0.3898834,92.33226669999932,d1*=,=
66,48,3,3,0,0,1,0.3813667,94.41398339999978,d1.=,=
66,49,1,5,4,1,1,1.13155,99.4958416999998,f5*?,?
66,50,3,4,2,0,1,0.6168599,101.1556657000001,e3.?,?
66,51,2,5,4,0,0,1.1096155,101.58014170000024,f5.\,\
66,52,2,5,4,1,1,1.1253498,104.5580417000001,f5*=,=
66,53,3,4,2,0,0,0.6152012,104.9940375999995,e3.=,=
66,54,3,5,3,1,1,1.0302692,108.13944170000104,f4*?,?
66,55,2,4,2,0,0,0.6527194,108.70263819999856,e3.?,?
66,56,2,5,4,0,1,1.1393673999999998,112.52874169999996,f5.?,?
66,57,3,5,3,0,1,1.0433136,112.78894170000058,f4.=,=
66,58,1,5,4,0,1,1.25605,115.19674169999962,f5./,/
66,59,3,5,4,0,1,1.1539673,119.2390417000006,f5.?,?
66,60,1,5,4,0,1,1.19745,119.4938416999994,f5.\,\
66,61,1,5,4,1,1,1.2336584000000002,123.20964169999934,f5*/,/
66,62,3,4,2,0,1,0.6891164999999999,124.19640840000102,e3.?,?
66,63,1,5,4,1,1,1.2559916999999998,127.182141700001,f5*/,/
66,64,3,4,2,0,1,0.6865777,128.24775279999994,e3.=,=
66,65,1,5,4,1,1,1.24645,131.13374169999952,f5*=,=
66,66,3,4,2,0,1,0.6992289,132.48753399999987,e3.=,=
66,67,1,5,4,0,1,1.2547750000000002,135.44894170000043,f5.=,=
66,68,3,5,4,1,0,1.1668047,136.84644169999956,f5*?,?
66,69,3,4,2,1,0,0.7163503999999999,141.3247336000004,e3*?,?
66,70,1,5,4,0,1,1.2448,145.57094169999982,f5.=,=
66,71,3,4,2,1,1,0.7117872,145.8845182999994,e3*=,=
66,72,1,2,3,0,1,1.0465334,149.78014170000097,c4.?,?
66,73,3,1,2,0,1,0.8446509,150.1754417000011,b3.?,?
66,74,1,1,0,0,1,0.4228583,150.826675100001,b1.?,?
66,75,3,1,0,1,1,0.3008205,151.02009259999977,b1*?,?
66,76,1,4,2,0,0,0.7302,155.7737584000006,e3.?,?
66,77,1,1,0,0,0,0.394875,156.50395840000056,b1.?,?
66,78,1,2,3,0,1,0.9758071,160.53024170000026,c4.?,?
66,79,3,0,2,0,1,0.8376665999999999,161.0647417,a3.?,?
66,80,1,1,0,1,0,0.3044679,161.50604879999992,b1*?,?
66,81,3,0,1,0,1,0.460937,161.94761599999947,a2.?,?
66,82,1,2,3,0,0,0.9377834,166.01674169999933,c4.?,?
66,83,1,1,0,0,0,0.2269,166.95452509999996,b1.?,?
66,84,1,1,0,1,0,0.3105915999999999,167.1814250999996,b1*/,/
66,85,3,5,4,0,1,1.1197735,172.13944170000104,f5.?,?
66,86,1,5,4,0,1,1.0961417,172.4271417,f5.?,?
66,87,1,5,4,0,1,1.121675,178.15034170000035,f5./,/
66,88,3,11,0,0,1,0.2592906,184.76804170000105,l1.?,?
66,89,1,5,3,0,1,1.0168334,184.97074170000087,f4.?,?
66,90,3,8,0,0,1,0.2027853999999999,185.02733230000197,i1.?,?
66,91,3,3,0,0,0,0.1246669999999999,185.23011770000085,d1.?,?
66,92,3,1,0,0,0,0.1534014,185.3547847000009,b1.?,?
66,93,3,1,0,0,0,0.2264885999999999,185.50818609999988,b1./,/
66,94,3,1,0,0,1,0.2035324,185.73467470000105,b1.\,\
66,95,1,5,3,0,1,0.9860084,188.8718417,f4.\,\
66,96,3,11,0,0,0,0.2431012,192.63954170000036,l1.?,?
66,97,3,8,0,0,0,0.2021438,192.8826429000001,i1.?,?
66,98,3,3,0,0,0,0.1189755999999999,193.0847866999993,d1.?,?
66,99,3,0,0,0,1,0.0699381,193.20376229999965,a1.?,?
66,100,1,5,3,1,1,1.011075,193.27364169999964,f4*/,/
66,101,3,1,0,1,0,0.2229118,193.3171199000008,b1*?,?
66,102,1,5,3,0,1,1.002025,196.84974169999987,f4.=,=
66,103,3,5,4,0,1,1.1539931,199.7791417000008,f5.?,?
66,104,1,5,3,0,1,0.9974917,200.8734416999996,f4.=,=
66,105,3,5,4,0,1,1.0827715000000002,203.53554170000095,f5.\,\
66,106,1,5,3,0,0,1.0103417,204.66944169999988,f4.=,=
67,0,1,3,0,1,1,0.4005083,0.0,d1*?,?
67,1,2,3,0,0,1,0.3756748,6.324246500000299,d1.?,?
67,2,1,6,1,0,0,0.4940916999999999,6.995716599998559,g2.?,?
67,3,1,6,1,1,0,0.4652186,11.303116600000068,g2*\,\
67,4,2,3,0,0,1,0.3937735,11.884234799999833,d1.=,=
67,5,1,6,1,0,1,0.4718501,15.582516599999508,g2.=,=
67,6,2,3,0,1,0,0.3381942,16.079516599998897,d1*\,\
67,7,1,6,1,1,1,0.46625,18.95801659999779,g2*=,=
67,8,2,3,0,0,1,0.3824004,19.62511969999832,d1./,/
67,9,1,6,1,1,1,0.4618,21.162516599997616,g2*=,=
67,10,2,3,0,0,1,0.3786959,22.081351599998012,d1.=,=
67,11,1,3,0,1,0,0.3107166999999999,22.59271660000013,d1*?,?
67,12,2,3,0,0,1,0.3861375999999999,23.5640562999979,d1.=,=
67,13,1,3,0,0,1,0.3173667,23.74701659999846,d1.=,=
67,14,2,3,0,1,0,0.3049713,24.45048659999884,d1*\,\
67,15,1,5,2,0,1,0.8057832999999999,27.42871659999946,f3.?,?
67,16,2,2,2,1,1,0.6379901,27.56771659999868,c3*?,?
67,17,1,5,2,0,1,0.7898834,31.18321659999856,f3.=,=
67,18,2,5,2,0,1,0.8381396999999999,31.323516599997674,f3.?,?
67,19,1,1,1,0,1,0.4558333,35.015616599997884,b2.?,?
67,20,2,1,1,0,1,0.5083553000000001,35.144116600000416,b2.?,?
67,21,1,1,0,0,1,0.2849333,35.47144990000015,b1.?,?
67,22,2,1,0,0,1,0.3035304,35.65247189999718,b1.?,?
67,23,2,2,2,0,1,0.6717198,38.78571659999943,c3.?,?
67,24,1,5,2,1,1,0.7728752,38.96751659999791,f3*?,?
68,0,1,5,4,0,1,1.23535,0.0,f5.?,?
68,1,2,5,4,0,1,1.2356913,3.619800000000396,f5.?,?
68,2,1,5,4,0,1,1.2256084,3.894300000003568,f5.=,=
68,3,1,5,4,0,1,1.24035,7.849600000001374,f5.=,=
68,4,2,5,4,0,1,1.2073204999999998,8.166300000000774,f5.\,\
68,5,1,5,4,0,1,1.2427417,12.049400000003516,f5.=,=
68,6,2,5,4,0,1,1.1625578,12.566000000002532,f5.\,\
68,7,1,5,4,0,1,1.2671333,16.432800000002317,f5./,/
68,8,2,5,4,0,1,1.1464804999999998,17.142600000002858,f5.=,=
68,9,1,5,4,0,1,1.2538833,21.022500000002765,f5.=,=
68,10,2,5,4,0,1,1.219326,27.605100000000675,f5./,/
68,11,1,5,4,0,0,1.254825,28.402000000001863,f5.=,=
68,12,1,5,4,0,1,1.2556883,32.09730000000127,f5.=,=
68,13,2,1,2,0,1,0.8555944,32.35650000000169,b3.?,?
68,14,2,1,0,0,1,0.3103991,33.21209440000166,b1.?,?
68,15,1,5,4,1,1,1.2605083,36.17290000000139,f5*=,=
68,16,2,4,2,0,1,0.7169844999999999,37.56563250000181,e3.?,?
68,17,1,5,4,0,1,1.269425,41.03260000000228,f5.=,=
68,18,2,1,2,0,0,0.8556143,41.41600000000108,b3.?,?
68,19,2,1,0,0,1,0.3201325,42.27161430000342,b1.?,?
68,20,1,5,4,0,1,1.2473417,45.31050000000323,f5.\,\
68,21,2,5,4,0,1,1.2128291,45.43000000000029,f5.?,?
68,22,1,5,4,1,1,1.2642084,49.07730000000083,f5*=,=
68,23,2,4,2,0,1,0.7527311000000001,49.93346690000181,e3.?,?
68,24,1,5,4,0,1,1.2613,53.067400000003545,f5.=,=
68,25,3,5,4,0,0,1.2592612,61.33070000000225,f5.?,?
68,26,3,4,2,0,0,0.8422000000000001,69.54240000000209,e3.?,?
68,27,3,5,4,0,0,1.2597417000000002,72.85250000000087,f5.?,?
68,28,3,5,4,0,0,1.260125,77.68370000000141,f5.=,=
69,0,1,5,4,0,1,1.3402151999999998,0.0,f5.?,?
69,1,2,5,4,0,1,1.2155834,0.6890999999995984,f5.?,?
69,2,1,5,4,0,1,1.2740451,4.613300000000891,f5.\,\
69,3,2,1,2,0,0,0.8780494000000001,5.176600000002509,b3.?,?
69,4,2,1,0,0,1,0.3262806,6.054649400000926,b1.?,?
69,5,1,5,4,0,1,1.3172974,8.869900000001508,f5./,/
69,6,2,5,4,0,0,1.2128622,9.610700000001088,f5.?,?
69,7,2,5,4,0,0,1.249125,14.603100000000268,f5./,/
70,0,1,5,4,1,1,1.3490416,0.0,f5*?,?
70,1,1,5,4,0,1,1.3244916,4.952499999999418,f5.\,\
70,2,2,4,2,0,1,0.7975818,5.305260699999053,e3.?,?
70,3,1,5,4,0,0,1.3375834,9.256199999999808,f5.=,=
70,4,1,5,4,0,1,1.3138,12.997400000000198,f5.\,\
70,5,2,5,4,0,1,1.1844871,13.442399999999909,f5.?,?
70,6,1,5,4,0,1,1.2774,17.309399999998277,f5.\,\
70,7,2,5,4,0,1,1.173585,17.732499999998254,f5.=,=
70,8,1,5,4,1,1,1.320675,21.937299999997776,f5*/,/
70,9,2,4,2,0,0,0.7358876,23.15161819999776,e3.?,?
70,10,2,5,4,0,0,1.3732333,32.56290000000081,f5.?,?
70,11,2,5,4,0,1,1.2988607,38.05519999999888,f5.\,\
70,12,1,5,4,0,1,1.2428758000000002,40.16560000000027,f5.\,\
70,13,2,5,4,0,0,1.305018,44.44800000000032,f5.=,=
70,14,2,5,4,0,0,1.3107873,49.015199999998,f5.=,=
70,15,2,5,4,0,1,1.2852657,53.29360000000088,f5.\,\
70,16,1,5,4,0,1,1.2376333000000002,53.430499999998574,f5.=,=
70,17,2,5,4,0,1,1.3018197,57.30049999999756,f5.=,=
70,18,1,5,4,0,1,1.2293417,58.42090000000098,f5.=,=
70,19,2,5,4,0,0,1.3310701,62.01299999999901,f5./,/
70,20,2,5,4,0,0,1.3654644,66.73909999999887,f5./,/
71,0,1,5,4,0,0,1.3656167,0.0,f5.?,?
71,1,1,5,4,0,0,1.34805,4.856999999999971,f5.=,=
72,0,1,8,0,0,0,0.247825,0.0,i1.?,?
72,1,1,1,0,0,0,0.1033667,0.2478249999985564,b1.?,?
72,2,1,8,0,0,0,0.2478417,5.086999999999534,i1.?,?
72,3,1,1,0,0,0,0.1083333,5.334841699997924,b1.?,?
72,4,1,1,0,0,0,0.0977832999999999,9.812899999997173,b1.=,=
72,5,1,0,0,0,0,0.1063167,9.91068329999689,a1.?,?
72,6,1,1,0,0,0,0.0837417,10.016999999999824,b1.?,?
72,7,1,1,0,0,0,0.1121332999999999,10.100741700000071,b1./,/
72,8,1,6,0,1,0,0.2065666,14.19539999999688,g1*?,?
72,9,1,1,0,0,0,0.11355,14.448091599999316,b1.?,?
73,0,1,5,4,0,1,1.2330978,0.0,f5.?,?
73,1,2,5,4,0,1,1.3118809,1.3084999999998672,f5.?,?
73,2,1,5,4,0,0,1.2414952,4.7569999999998345,f5.=,=
73,3,1,5,4,0,0,1.233825,9.993499999999813,f5.=,=
73,4,1,5,4,0,0,1.24485,14.721299999999928,f5.=,=
73,5,1,5,4,0,0,1.263225,20.881099999999837,f5.=,=
73,6,1,5,4,0,0,1.2867000000000002,25.78599999999983,f5./,/
73,7,1,5,4,0,1,1.2764916,30.01429999999982,f5.=,=
73,8,2,5,4,0,1,1.1833702999999998,30.361400000000003,f5.\,\
73,9,1,5,4,0,0,1.2991917000000002,34.49459999999999,f5./,/
74,0,2,5,4,0,1,1.295675,0.0,f5.?,?
74,1,1,5,4,0,1,1.2013667,1.2364999999999782,f5.?,?
74,2,2,5,4,0,1,1.2818,5.45920000000001,f5.=,=
74,3,1,5,4,0,1,1.17455,6.41190000000006,f5.\,\
74,4,2,5,4,0,1,1.319935,11.03320000000008,f5./,/
74,5,1,5,4,0,1,1.1771417,11.942800000000034,f5.=,=
74,6,2,5,4,0,1,1.2713249999999998,16.517299999999977,f5.\,\
74,7,1,5,4,0,0,1.1958196,17.119500000000016,f5./,/
74,8,1,5,4,1,1,1.2514208,21.65300000000002,f5*/,/
74,9,2,4,2,0,0,0.7167007000000001,22.93806470000004,e3.?,?
74,10,2,5,4,0,1,1.2876063,27.251200000000157,f5.?,?
74,11,1,5,4,0,1,1.1323696,27.67920000000004,f5.\,\
74,12,2,5,4,0,0,1.2960417,35.05390000000011,f5.=,=
74,13,2,5,4,0,0,1.3258583,41.20209999999997,f5./,/
74,14,2,5,4,0,1,1.3255666000000002,45.86120000000005,f5.=,=
74,15,1,5,4,0,0,1.2018667,50.00080000000003,f5./,/
74,16,1,5,4,0,0,1.2085834,58.50240000000008,f5.=,=
74,17,1,5,4,0,0,1.23505,63.77750000000015,f5./,/
74,18,1,5,4,0,0,1.253575,68.3728000000001,f5./,/
74,19,1,5,4,0,0,1.268075,72.70569999999998,f5.=,=
74,20,1,5,4,0,0,1.2701916999999998,76.78500000000008,f5.=,=
74,21,1,5,4,0,0,1.2988584,81.39319999999998,f5./,/
74,22,1,5,4,0,0,1.3088,85.80000000000018,f5.=,=
74,23,1,5,4,0,0,1.308325,89.56270000000018,f5.=,=
74,24,1,5,4,0,0,1.3078915999999998,93.66450000000007,f5.=,=
74,25,1,5,4,0,0,1.3087,103.5422000000001,f5.=,=
74,26,1,5,4,1,0,1.32375,108.71180000000004,f5*=,=
74,27,1,3,0,0,0,0.2786583,112.48901669999988,d1.?,?
74,28,1,1,0,0,0,0.2170334,112.76767500000004,b1.?,?
75,0,1,17,2,0,0,0.7295167,0.0,r3.?,?
76,0,2,5,4,0,1,1.3060496,0.0,f5.?,?
76,1,1,5,4,0,1,1.1702167,1.1126000000003842,f5.?,?
76,2,2,5,4,0,1,1.2775887,5.374700000000303,f5.\,\
76,3,1,5,4,0,1,1.2113167,5.708300000000236,f5./,/
76,4,2,5,4,1,1,1.2760429,9.84190000000035,f5*=,=
76,5,1,4,2,0,1,0.7575750000000001,10.646641700000146,e3.?,?
76,6,2,5,4,0,1,1.2634986,14.900499999999738,f5.=,=
76,7,1,5,4,0,1,1.1644167,14.9996000000001,f5.?,?
76,8,2,5,4,1,1,1.2796672,19.46860000000015,f5*=,=
76,9,1,4,2,0,1,0.7489916000000001,20.216991700000108,e3.?,?
76,10,2,5,4,1,1,1.2782615,24.17780000000039,f5*=,=
76,11,1,4,2,0,1,0.7483082999999999,24.73850829999992,e3.=,=
76,12,2,5,4,0,1,1.2919217,28.32089999999971,f5.=,=
76,13,1,5,4,0,1,1.2217333,28.569099999999708,f5.?,?
76,14,2,5,4,0,1,1.2705041,32.702400000000125,f5.=,=
76,15,1,5,4,0,1,1.2137584,32.88370000000032,f5.=,=
76,16,2,5,4,0,1,1.2781761,37.41790000000037,f5.=,=
76,17,1,5,4,0,1,1.2271333,37.51289999999972,f5.=,=
76,18,3,5,4,0,0,1.3209167000000002,46.2489999999998,f5.?,?
76,19,3,5,4,0,0,1.35295,50.6836000000003,f5./,/
76,20,3,5,4,0,0,1.3938166,55.639100000000326,f5./,/
76,21,3,5,4,0,1,1.3529166999999998,60.32099999999991,f5.\,\
76,22,4,5,4,0,1,1.2901832999999998,60.56970000000001,f5.?,?
76,23,3,5,4,0,0,1.3996,64.9400999999998,f5./,/
76,24,3,5,4,0,1,1.3551415999999998,69.51019999999971,f5.\,\
76,25,4,5,4,0,1,1.26305,70.46619999999984,f5.\,\
76,26,3,5,4,0,1,1.3681466,74.26040000000012,f5.=,=
76,27,4,5,4,0,1,1.2493033,74.48660000000018,f5.=,=
76,28,4,5,4,0,0,1.254775,79.77149999999983,f5.=,=
77,0,2,5,4,0,1,1.339975,0.0,f5.?,?
77,1,1,5,4,0,0,1.2043833000000002,3.893799999999828,f5.?,?
77,2,1,5,4,0,1,1.1902165999999998,9.028299999999945,f5.=,=
77,3,2,5,4,0,0,1.3105217,9.376600000000508,f5.\,\
77,4,2,5,4,0,1,1.2948525,13.958700000000135,f5.=,=
77,5,1,5,4,0,1,1.2035833,14.029900000000453,f5.=,=
77,6,2,5,4,0,1,1.258922,18.44040000000041,f5.\,\
77,7,1,5,4,0,0,1.1689500000000002,19.09749999999985,f5.\,\
77,8,1,5,4,0,0,1.250275,26.0595000000003,f5./,/
78,0,1,15,0,1,0,0.398175,0.0,p1*?,?
78,1,1,11,0,1,0,0.3356916,7.3327250000002095,l1*?,?
78,2,1,11,0,0,0,0.31745,12.820633299998915,l1.=,=
78,3,1,13,0,0,0,0.3617833,18.201000000000025,n1.?,?
79,0,4,6,1,0,1,0.4765915999999999,0.0,g2.?,?
79,1,1,6,0,0,1,0.3268417,7.875600000000304,g1.?,?
79,2,2,6,1,0,1,0.4587241,7.974299999999857,g2.?,?
79,3,1,6,0,0,1,0.3342908999999999,12.66060000000016,g1.=,=
79,4,2,6,1,0,1,0.4583842999999999,12.701600000000326,g2.=,=
79,5,1,3,0,0,1,0.2676417,16.95560000000023,d1.?,?
79,6,2,6,1,1,1,0.4685075,17.14850000000024,g2*=,=
79,7,1,2,0,1,1,0.227775,21.45516670000052,c1*?,?
79,8,2,3,0,1,1,0.364575,22.152983299999505,d1*?,?
79,9,1,2,0,0,1,0.2269082999999999,26.41344170000048,c1.=,=
79,10,1,6,0,1,0,0.311925,31.53380000000016,g1*?,?
79,11,1,2,0,0,0,0.224525,36.98821669999961,c1.?,?
79,12,1,6,0,0,0,0.3214333,42.0600000000004,g1.?,?
80,0,1,8,0,0,0,0.3061583,0.0,i1.?,?
80,1,1,1,0,0,0,0.2060917,0.3061582999999928,b1.?,?
80,2,1,1,0,0,0,0.1772582999999999,2.189924999999903,b1.\,\
80,3,1,1,0,0,0,0.1045334,2.3671832999998514,b1.\,\
80,4,1,1,0,0,1,0.1168333,2.471716699999888,b1.=,=
80,5,2,6,1,0,1,0.5118785,4.945724999999925,g2.?,?
80,6,1,6,1,1,0,0.5067771000000001,5.502724999999941,g2*?,?
80,7,1,3,0,1,1,0.3663167,8.753974999999969,d1*?,?
80,8,2,3,0,0,1,0.3776091,9.00674140000001,d1.?,?
80,9,1,6,1,0,0,0.5400417,12.802324999999882,g2.?,?
80,10,1,5,3,0,1,1.0785417,18.237924999999905,f4.?,?
80,11,2,5,4,0,0,1.109975,20.99672499999997,f5.?,?
80,12,2,5,4,0,0,1.1027,25.5160249999999,f5.=,=
80,13,2,5,4,0,1,1.2462893000000002,35.77002499999992,f5./,/
80,14,1,5,4,0,1,1.1786861,36.41672499999993,f5.?,?
80,15,2,5,4,0,1,1.2820022,40.61322499999994,f5./,/
80,16,1,5,4,0,1,1.1852458,45.10652499999992,f5.=,=
80,17,2,5,4,0,1,1.2620429,45.10652499999992,f5.=,=
80,18,1,5,4,0,1,1.1748702999999998,49.60322499999995,f5.=,=
80,19,2,5,4,0,1,1.2617728,51.2737249999999,f5.=,=
80,20,1,5,4,0,1,1.1848333,55.70812499999988,f5.=,=
80,21,2,5,4,0,1,1.239975,57.24042499999996,f5.\,\
80,22,1,5,4,0,1,1.1856,61.851224999999886,f5.=,=
80,23,2,5,4,0,1,1.2572157999999998,62.84402499999999,f5.=,=
80,24,1,5,4,0,1,1.2150417,67.37662499999999,f5./,/
80,25,2,5,4,0,0,1.2651083,75.3027249999999,f5.=,=
80,26,2,5,4,0,1,1.2431916,85.21942499999989,f5.\,\
80,27,1,5,3,0,0,0.9390916,90.90902499999991,f4.?,?
80,28,1,5,3,0,0,1.0442583,95.36552499999992,f4./,/
80,29,1,5,4,0,0,1.174525,100.00212499999998,f5.?,?
80,30,1,5,4,0,0,1.2054333,104.23002499999996,f5./,/
80,31,1,5,4,0,0,1.24815,108.84432499999993,f5./,/
80,32,1,5,4,0,1,1.2559417,113.0889249999999,f5.=,=
80,33,2,5,4,0,1,1.2301164,113.3842249999999,f5.=,=
80,34,1,5,4,0,1,1.2924,117.30932499999994,f5./,/
80,35,2,5,4,0,1,1.2513012,118.559125,f5./,/
80,36,1,5,4,0,0,1.3154750000000002,122.46972499999993,f5./,/
80,37,1,5,4,0,1,1.3000166,127.23312499999996,f5.=,=
80,38,2,5,4,0,1,1.2123204,128.15802499999995,f5.\,\
80,39,1,5,4,0,0,1.2400167,132.61262499999998,f5.\,\
81,0,4,5,4,0,0,1.3093457000000002,0.0,f5.?,?
81,1,4,5,4,0,0,1.2956029999999998,3.127072600000247,f5.=,=
81,2,4,5,4,0,1,1.2680306,7.038672600001519,f5.\,\
81,3,5,5,4,0,1,1.2587865,7.111472600001434,f5.?,?
81,4,4,5,4,0,1,1.2890328,10.891772599999967,f5./,/
81,5,5,5,4,0,1,1.2865319,14.11627260000023,f5./,/
81,6,4,5,4,0,1,1.2470617,14.814972600001056,f5.\,\
81,7,5,5,4,0,0,1.3112309,18.30207260000134,f5./,/
81,8,5,5,4,0,1,1.3945753,27.231872600001225,f5./,/
81,9,4,5,4,0,1,1.2481087000000002,27.64397260000078,f5.=,=
81,10,5,5,4,0,1,1.4076624,31.747872600000846,f5.=,=
81,11,3,5,4,0,1,1.2399986,32.05217260000063,f5.?,?
81,12,5,5,4,0,1,1.3581474,36.00257260000035,f5.\,\
81,13,3,5,4,0,1,1.2549472,36.1625726000002,f5.=,=
81,14,5,5,4,0,1,1.3772574999999998,40.1479726000016,f5./,/
81,15,3,5,4,0,1,1.2461958,40.29097260000162,f5.=,=
81,16,5,5,4,0,1,1.3404936,44.41957260000163,f5.\,\
81,17,3,5,4,0,1,1.245625,44.51437260000057,f5.=,=
81,18,3,5,4,0,0,1.3483252,51.45417260000068,f5./,/
81,19,3,5,4,0,0,1.3355439999999998,55.70287260000077,f5.=,=
81,20,3,5,4,0,0,1.3131367,60.05317260000084,f5.\,\
81,21,3,5,4,0,0,1.3158587000000002,64.92397260000143,f5.=,=
81,22,3,5,4,1,0,1.2840833,74.52537260000099,f5*\,\
81,23,3,4,2,0,0,0.7851333,79.4257976000008,e3.?,?
81,24,3,5,4,0,0,1.2754666,83.0247726000016,f5.?,?
81,25,3,5,4,0,0,1.3072916,87.17527260000134,f5./,/
81,26,3,5,4,0,0,1.3204667,91.17577260000144,f5.=,=
81,27,3,5,4,0,0,1.420775,101.00897260000056,f5./,/
81,28,3,5,4,0,0,1.4129667,105.51527260000148,f5.=,=
81,29,3,5,4,0,0,1.3827167,109.64337260000138,f5.\,\
81,30,3,5,4,0,0,1.3579917,113.56327260000036,f5.\,\
81,31,3,5,4,0,1,1.3445334,117.6594726000003,f5.=,=
81,32,5,5,4,1,0,1.32265,130.66687260000072,f5*=,=
81,33,5,2,3,0,0,1.0736667,136.82747259999996,c4.?,?
81,34,5,1,0,0,0,0.363075,137.90113930000007,b1.?,?
82,0,1,5,4,0,0,1.3226417,0.0,f5.?,?
82,1,1,5,4,0,0,1.2644416,5.7488999999986845,f5.\,\
82,2,1,5,4,0,0,1.2528333,10.820999999999913,f5.=,=
82,3,1,5,4,0,0,1.2615333,15.299600000000282,f5.=,=
82,4,1,5,4,0,0,1.336875,20.83849999999984,f5./,/
82,5,1,5,4,0,0,1.333,25.35939999999937,f5.=,=
83,0,2,5,4,0,0,1.3038148,0.0,f5.?,?
83,1,2,5,4,0,0,1.300823,7.749899999998888,f5.=,=
83,2,2,5,4,1,1,1.3265117999999998,12.282900000000154,f5*/,/
83,3,1,4,2,0,0,0.7390334,13.3976832999997,e3.?,?
83,4,1,5,4,0,0,1.2610666,17.747599999998783,f5.?,?
83,5,1,5,4,0,0,1.2505333,22.616799999999785,f5.=,=
83,6,1,5,4,0,0,1.2901084,28.291699999999764,f5./,/
83,7,1,5,4,0,0,1.343025,37.87569999999869,f5./,/
83,8,1,5,4,0,0,1.3436011,43.354599999998754,f5.=,=
83,9,1,5,4,0,0,1.3557084,47.68839999999909,f5.=,=
83,10,1,5,4,0,0,1.3619750000000002,52.684400000000096,f5.=,=
83,11,1,5,4,0,0,1.3916417,57.7513999999992,f5./,/
84,0,2,1,2,0,0,0.8982416,0.0,b3.?,?
84,1,2,1,0,0,0,0.2671667,0.898241600001711,b1.?,?
84,2,2,1,0,0,1,0.3880167,1.165408300001218,b1./,/
84,3,1,5,4,0,1,1.242825,4.237700000001496,f5.?,?
84,4,2,1,2,0,0,0.8085167,4.7128000000011525,b3.?,?
84,5,2,1,0,0,0,0.2332667,5.52131670000017,b1.?,?
84,6,2,1,0,0,1,0.3142165999999999,5.754583400001138,b1./,/
84,7,1,5,4,0,1,1.2303167,9.414800000000469,f5.=,=
84,8,2,0,2,0,1,0.8381000000000001,9.49670000000151,a3.?,?
84,9,2,1,0,0,0,0.1838333,10.33480000000236,b1.?,?
84,10,2,1,0,1,0,0.2453332999999999,10.518633300000149,b1*/,/
84,11,1,5,4,0,0,1.2203583,14.694300000001022,f5.=,=
85,0,2,5,3,0,0,1.005983,0.0,f4.?,?
85,1,2,5,4,0,0,1.2444695,8.139199999999619,f5.?,?
85,2,2,5,4,0,1,1.2846587,12.443299999999,f5./,/
85,3,1,5,4,0,0,1.2046750000000002,13.822599999999513,f5.?,?
85,4,1,5,4,1,1,1.1973,17.514799999999013,f5*=,=
85,5,2,4,2,0,0,0.723056,18.863086699999258,e3.?,?
85,6,2,1,0,0,1,0.4134835,19.586142699999986,b1.?,?
85,7,1,5,4,0,1,1.1702584,21.312700000000405,f5.\,\
85,8,2,2,3,1,0,0.9706336,24.372199999999797,c4*?,?
85,9,2,1,0,0,0,0.3453966,25.472904700000072,b1.?,?
86,0,2,15,0,0,0,0.403069,0.0,p1.?,?
86,1,2,8,0,0,0,0.2405916,4.941000000002532,i1.?,?
86,2,2,3,0,0,0,0.1546667,5.181591600001411,d1.?,?
86,3,2,15,0,0,0,0.4079,10.16070000000036,p1.?,?
86,4,2,13,0,0,0,0.3462332999999999,15.315300000002026,n1.?,?
86,5,2,13,0,0,0,0.3709334,20.241500000000087,n1./,/
86,6,2,8,0,0,0,0.2561875,25.29820000000109,i1.?,?
86,7,2,1,0,0,0,0.1699864,25.554387500000303,b1.?,?
87,0,2,3,0,0,0,0.3776,0.0,d1.?,?
87,1,2,6,1,0,0,0.493125,4.319691599997896,g2.?,?
87,2,2,6,1,0,0,0.5002500000000001,8.661091599999054,g2.=,=
87,3,2,6,1,0,0,0.4928917,13.220291599998744,g2.=,=
87,4,2,6,1,0,0,0.4982484,17.486291599998367,g2.=,=
87,5,2,6,1,0,0,0.5017102,21.79679159999796,g2.=,=
87,6,2,6,1,0,0,0.5082964000000001,26.88329159999921,g2.=,=
88,0,2,12,2,0,0,0.6795451,0.0,m3.?,?
88,1,2,11,1,0,0,0.5511333,0.6795450999998138,l2.?,?
88,2,2,10,2,0,0,0.7213307,8.59649999999965,k3.?,?
88,3,2,8,0,0,0,0.3892395,9.31783070000165,i1.?,?
88,4,2,3,0,1,0,0.2971593,9.70707019999827,d1*?,?
88,5,3,4,0,1,0,0.2956,10.940791699998954,e1*?,?
88,6,3,1,0,0,1,0.21245,11.306433300000208,b1.?,?
88,7,2,2,0,0,0,0.3118779,13.92359999999826,c1.?,?
88,8,2,3,0,0,0,0.245421,14.23547790000157,d1.?,?
88,9,2,3,0,1,1,0.2450592,14.480898900001192,d1*=,=
88,10,3,4,0,0,1,0.2652417,14.605441600000631,e1.?,?
88,11,2,3,0,1,1,0.2443545999999999,14.725958099999843,d1*=,=
88,12,3,1,0,0,1,0.1816166,14.93304999999964,b1.?,?
88,13,2,1,0,0,1,0.2168019,14.97031269999934,b1.?,?
88,14,2,12,2,1,0,0.6270812,16.252199999998993,m3*?,?
88,15,2,11,1,1,1,0.5520669,16.956154999999853,l2*?,?
88,16,3,2,0,0,0,0.2227282,17.193138499998895,c1.?,?
88,17,3,3,0,1,0,0.1974916,17.41586670000106,d1*?,?
88,18,2,16,1,0,0,0.4820166,18.65339999999924,q2.?,?
88,19,2,1,0,0,1,0.161775,19.13541659999828,b1.?,?
88,20,3,5,3,0,1,1.0279305,22.092000000000557,f4.?,?
88,21,2,8,0,0,1,0.2158333,22.129300000000512,i1.?,?
88,22,2,8,0,0,0,0.2073083,22.34513330000118,i1.=,=
88,23,2,9,0,0,0,0.2182116,22.552441600000748,j1.?,?
88,24,2,1,0,0,1,0.1259665999999999,22.770653200001107,b1.?,?
88,25,3,5,3,0,1,0.9735204,25.30659999999989,f4.\,\
88,26,2,8,0,0,1,0.2167667,25.504899999999907,i1.?,?
88,27,2,8,0,0,0,0.1973333,25.72166669999933,i1.=,=
88,28,2,3,0,0,0,0.1247917,25.919000000001688,d1.?,?
88,29,2,1,0,0,0,0.1188916999999999,26.043791700001748,b1.?,?
88,30,2,1,0,1,0,0.238975,26.162683400001697,b1*/,/
88,31,2,5,3,0,1,0.9943674,28.406699999999542,f4.?,?
88,32,1,5,3,0,0,0.9768417,29.60719999999856,f4.?,?
88,33,1,5,3,0,0,1.0156916,34.45820000000094,f4./,/
88,34,1,5,3,0,1,0.97785,39.40450000000055,f4.\,\
88,35,2,6,1,0,1,0.5672139999999999,39.68609999999899,g2.?,?
88,36,1,5,2,1,1,0.9016,42.99989999999889,f3*?,?
88,37,2,3,0,0,1,0.4047031,43.66843710000103,d1.?,?
88,38,3,3,0,0,1,0.3729587,47.602200000001176,d1.?,?
88,39,2,6,1,1,1,0.54569,47.6945999999989,g2*?,?
88,40,2,6,1,0,1,0.5732333,51.10369999999966,g2./,/
88,41,1,5,4,0,1,1.1459917,54.91579999999885,f5.?,?
88,42,2,5,4,0,1,1.1458286,58.95360000000073,f5.?,?
88,43,1,5,4,0,1,1.113975,59.325700000001234,f5.\,\
88,44,2,5,4,0,1,1.1639955,63.03190000000177,f5.=,=
88,45,1,5,4,0,1,1.1286583,63.40290000000096,f5.=,=
88,46,2,5,4,0,1,1.1978347,67.08399999999892,f5./,/
88,47,1,5,4,0,1,1.1107,67.72369999999864,f5.=,=
88,48,2,5,4,1,1,1.1933351,71.31430000000182,f5*=,=
88,49,1,4,2,0,0,0.6875332999999999,72.47406670000055,e3.?,?
88,50,1,2,3,0,0,1.021625,76.46080000000075,c4.?,?
88,51,1,5,4,0,1,1.2857521,86.04569999999876,f5.?,?
88,52,2,5,4,0,1,1.1748852,87.47439999999915,f5.=,=
88,53,1,5,4,0,1,1.312537,91.13750000000071,f5./,/
88,54,2,5,4,0,1,1.1740385,92.13460000000124,f5.=,=
88,55,1,5,4,0,1,1.3472923,95.58079999999973,f5./,/
88,56,2,5,4,0,1,1.1643931,96.58759999999891,f5.=,=
88,57,1,5,4,0,1,1.337425,100.02549999999974,f5.=,=
88,58,2,5,4,0,1,1.1694754,101.30219999999828,f5.=,=
88,59,1,5,4,0,1,1.2884917,104.55719999999928,f5.\,\
88,60,2,5,4,0,1,1.1730752,105.20890000000144,f5.=,=
88,61,1,5,4,0,1,1.3087139,108.71789999999964,f5./,/
88,62,2,5,4,0,0,1.1562098,109.35910000000148,f5.=,=
88,63,2,5,4,0,0,1.1573238,113.27149999999892,f5.=,=
89,0,3,5,4,0,0,1.280275,0.0,f5.?,?
89,1,3,5,4,0,1,1.2558166,4.916800000002695,f5.\,\
89,2,4,5,4,0,1,1.3383834,9.02980000000025,f5.?,?
89,3,3,5,4,0,0,1.226443,9.577300000000832,f5.\,\
89,4,3,5,4,0,0,1.2782333,20.188900000001013,f5./,/
89,5,3,5,4,0,1,1.2837643,25.296300000001796,f5.=,=
89,6,4,5,4,0,0,1.2700011999999998,26.5557000000008,f5.\,\
89,7,4,5,4,0,1,1.3184673,32.001500000002125,f5./,/
89,8,3,5,4,0,1,1.2478549,32.09860000000117,f5.\,\
90,0,2,5,4,0,0,1.3586448999999998,0.0,f5.?,?
90,1,2,5,4,0,1,1.3401961,4.604300000002695,f5.=,=
90,2,1,5,4,0,1,1.2517583,8.697400000000926,f5.?,?
90,3,2,5,4,0,1,1.3124771,9.388200000001234,f5.\,\
90,4,1,5,4,0,0,1.1935250000000002,16.61960000000181,f5.\,\
90,5,1,5,4,0,0,1.212525,21.94880000000194,f5./,/
90,6,1,5,4,0,0,1.2450834,26.654500000000557,f5./,/
91,0,2,6,1,0,1,0.4866187,0.0,g2.?,?
91,1,1,5,0,0,1,0.3331599,9.38590000000113,f1.?,?
91,2,2,6,1,0,1,0.4892767,9.53910000000178,g2.=,=
91,3,1,5,0,0,1,0.3298425,14.788400000001277,f1.=,=
91,4,2,6,1,0,1,0.4921559,15.29620000000068,g2.=,=
91,5,1,6,0,0,0,0.327625,19.660899999998943,g1.?,?
92,0,2,6,1,0,0,0.5111917,0.0,g2.?,?
92,1,2,6,1,0,1,0.5070901,5.01759999999922,g2.=,=
92,2,1,3,0,1,0,0.2452582999999999,6.783599999998842,d1*?,?
92,3,1,6,0,0,0,0.3154091,14.052299999999375,g1.?,?
92,4,1,6,0,0,0,0.3181402,19.81659999999829,g1.=,=
92,5,1,6,0,0,0,0.3116478,26.07879999999932,g1.=,=
92,6,1,6,0,0,0,0.3118442999999999,33.23149999999805,g1.=,=
93,0,2,5,4,0,0,1.3496807,0.0,f5.?,?
93,1,2,5,4,0,1,1.2175046,2.5683999999964726,f5.\,\
93,2,1,5,4,0,1,1.2625159,5.897299999996903,f5.?,?
93,3,2,5,4,0,1,1.2318505,6.296999999998661,f5.=,=
93,4,1,5,4,0,0,1.313875,9.697500000002035,f5./,/
93,5,1,5,4,0,1,1.367825,13.795299999997953,f5./,/
93,6,2,5,4,0,0,1.297315,16.084999999999127,f5./,/
93,7,2,5,4,0,1,1.3595919,25.50269999999728,f5./,/
93,8,1,5,4,0,1,1.2625397,29.34879999999976,f5.\,\
93,9,2,5,4,0,1,1.3306998,29.46830000000045,f5.\,\
93,10,2,5,4,0,1,1.3137922999999998,33.25020000000222,f5.=,=
93,11,1,5,4,0,1,1.2695587,37.004500000002736,f5.=,=
93,12,2,5,4,1,1,1.2799323,37.22830000000249,f5*\,\
93,13,2,5,4,0,1,1.2778387,41.29609999999957,f5.=,=
93,14,1,4,2,0,1,0.7993388,41.64670779999869,e3.?,?
93,15,2,5,4,0,0,1.3038151999999998,45.3553000000029,f5./,/
93,16,2,5,4,0,1,1.2873714,49.04450000000361,f5.=,=
93,17,1,5,4,0,0,1.277797,53.81319999999687,f5.?,?
93,18,1,5,4,0,0,1.2673084,58.21940000000177,f5.=,=
93,19,1,5,4,0,0,1.268425,64.06040000000212,f5.=,=
93,20,1,5,4,1,1,1.2710084,69.67349999999715,f5*=,=
93,21,3,4,2,0,0,0.77645,85.40723340000113,e3.?,?
93,22,3,1,0,0,0,0.4085583,86.1836833999987,b1.?,?
93,23,3,2,3,0,0,1.0233283,90.55079999999724,c4.?,?
93,24,3,3,1,1,0,0.4920495,91.5741282999952,d2*?,?
94,0,2,14,0,0,0,0.386572,0.0,o1.?,?
94,1,2,3,0,0,0,0.1623,4.377200000002631,d1.?,?
94,2,2,3,0,0,0,0.1291,4.539500000006228,d1.\,\
94,3,2,1,0,1,0,0.0941834,4.668600000004517,b1*?,?
94,4,2,6,0,0,0,0.2161499999999999,8.986299999996845,g1.?,?
94,5,2,3,0,0,0,0.1255916,9.202449999997045,d1.?,?
94,6,2,1,0,0,0,0.1370916999999999,9.32804159999796,b1.?,?
94,7,2,6,0,0,0,0.215975,13.692699999999604,g1.?,?
94,8,2,3,0,1,0,0.1450917,13.908674999998766,d1*?,?
95,0,2,6,1,0,0,0.4732,0.0,g2.?,?
95,1,2,6,1,0,1,0.4684,6.568600000005972,g2.=,=
95,2,1,6,0,0,1,0.3375981,11.0428000000029,g1.?,?
95,3,2,6,1,0,1,0.4518784999999999,11.0428000000029,g2.=,=
95,4,2,6,1,0,1,0.4738023999999999,15.003800000005867,g2./,/
95,5,1,6,0,0,1,0.3541519999999999,15.1423000000068,g1.=,=
95,6,1,3,0,0,1,0.2652545,19.09150000000227,d1.?,?
95,7,2,6,1,1,1,0.4571133,19.219600000003997,g2*=,=
95,8,2,6,1,0,1,0.4593198,23.232600000003004,g2.=,=
95,9,1,6,0,0,1,0.3271114,23.29440000000613,g1.?,?
95,10,2,6,0,0,1,0.4437457,26.83350000000064,g1.?,?
95,11,1,6,0,0,1,0.3358956999999999,26.899800000006508,g1.=,=
95,12,1,6,0,0,1,0.3270657,30.75930000000517,g1.=,=
95,13,2,6,1,0,1,0.4750856999999999,30.857100000001083,g2.?,?
95,14,1,3,0,0,1,0.2834992,34.84870000000228,d1.?,?
95,15,2,6,1,1,1,0.4781874,34.974600000001374,g2*=,=
95,16,2,6,1,0,0,0.494275,38.76850000000559,g2.=,=
95,17,2,6,1,0,0,0.4965274,42.47020000000339,g2.=,=
95,18,2,6,1,0,0,0.5077582,46.25380000000587,g2.=,=
95,19,2,6,1,0,0,0.4942184,50.982300000003306,g2.=,=
95,20,2,6,1,0,0,0.4942659999999999,55.15260000000126,g2.=,=
95,21,2,6,1,0,0,0.4938061,58.88220000000001,g2.=,=
96,0,2,12,2,0,0,0.6449417,0.0,m3.?,?
96,1,2,13,2,1,0,0.649475,0.6449416999998903,n3*?,?
96,2,2,4,0,0,0,0.18635,9.132208300000002,e1.?,?
96,3,2,3,0,0,0,0.1310833,9.31855829999995,d1.?,?
96,4,2,3,0,0,0,0.1377167,9.449641599999724,d1.=,=
96,5,2,3,0,0,0,0.1539917,9.587358299999778,d1.=,=
96,6,2,3,0,0,0,0.1950166,9.741349999999784,d1./,/
96,7,2,1,0,0,0,0.1674749999999999,9.936366599999928,b1.?,?
96,8,2,1,0,1,1,0.2466584,10.103841600000123,b1*/,/
96,9,3,4,0,0,0,0.15575,12.755633399999624,e1.?,?
96,10,3,3,0,0,0,0.1181166,12.911383399999975,d1.?,?
96,11,3,3,0,0,1,0.1428666999999999,13.029499999999643,d1./,/
96,12,2,8,1,0,1,0.4591083,13.071599999999762,i2.?,?
96,13,3,3,0,0,1,0.140525,13.172366699999657,d1.=,=
96,14,3,3,0,0,0,0.1713,13.31289169999991,d1./,/
96,15,3,3,0,1,1,0.224275,13.484191699999885,d1*/,/
96,16,2,1,0,0,1,0.1988584,13.61024159999988,b1.?,?
96,17,3,1,0,0,1,0.3103333,13.708466699999915,b1.?,?
96,18,2,5,4,0,1,1.1507799,17.3765999999996,f5.?,?
96,19,1,5,3,0,1,1.0008622,17.511999999999716,f4.?,?
96,20,1,5,3,0,1,0.9700084,21.54029999999966,f4.\,\
96,21,2,5,4,0,1,1.0940417,24.98949999999968,f5.\,\
96,22,1,5,3,0,1,0.984825,25.189499999999956,f4.=,=
96,23,1,5,3,0,1,0.9599749999999998,28.66549999999961,f4.\,\
96,24,2,5,3,0,1,1.055675,28.8141999999998,f4.?,?
96,25,1,5,3,1,1,0.9453416,32.91869999999972,f4*=,=
96,26,2,4,0,0,0,0.1978583,36.50711669999964,e1.?,?
96,27,2,3,0,0,1,0.1548834,36.70497499999965,d1.?,?
96,28,1,5,3,0,1,0.9859584,36.77059999999983,f4./,/
96,29,2,3,0,0,1,0.1597415999999999,36.85985839999967,d1.=,=
96,30,2,3,0,0,0,0.1933334,37.01959999999963,d1./,/
96,31,2,1,0,0,0,0.208125,37.212933399999656,b1.?,?
96,32,2,1,0,0,1,0.3072083,37.421058399999765,b1./,/
96,33,1,5,3,0,0,0.9604083,41.16390000000001,f4.\,\
96,34,1,5,3,0,1,0.983475,46.54819999999973,f4./,/
96,35,2,13,0,0,0,0.2974333,49.86289999999963,n1.?,?
96,36,2,8,0,0,0,0.2261917,50.16033329999982,i1.?,?
96,37,2,3,0,0,0,0.1569665999999999,50.38652499999989,d1.?,?
96,38,2,1,0,0,0,0.153825,50.543491599999925,b1.?,?
96,39,2,1,0,0,1,0.247225,50.6973165999998,b1./,/
96,40,1,5,3,0,1,0.9423083,50.96889999999985,f4.\,\
96,41,1,5,3,0,1,0.9687667,55.00599999999986,f4./,/
96,42,2,8,0,0,1,0.2260584,55.04809999999998,i1.?,?
96,43,2,8,0,0,0,0.2115082999999999,55.27415840000003,i1.=,=
96,44,2,9,0,0,0,0.2232833,55.48566669999991,j1.?,?
96,45,2,1,0,0,0,0.1271749999999999,55.708950000000186,b1.?,?
96,46,2,1,0,1,0,0.2206834,55.83612499999981,b1*/,/
96,47,2,5,3,0,1,0.9861665999999998,59.05499999999984,f4.?,?
96,48,1,5,4,0,1,1.08825,63.90149999999994,f5.?,?
96,49,2,5,3,0,1,1.008925,67.16359999999986,f4./,/
96,50,1,5,4,0,1,1.154405,72.34919999999966,f5./,/
96,51,2,5,3,0,1,0.9881334000000002,72.61839999999984,f4.=,=
96,52,1,5,4,0,1,1.1855,78.35230000000001,f5./,/
96,53,2,5,3,0,0,1.0496333,81.33579999999984,f4./,/
96,54,2,5,2,0,0,0.7533416000000001,85.8761999999997,f3.?,?
96,55,2,1,0,0,0,0.3779,86.62954159999981,b1.?,?
97,0,3,5,4,0,1,1.3093355,0.0,f5.?,?
97,1,4,5,4,0,0,1.170147,1.116500000000087,f5.?,?
97,2,4,5,4,0,1,1.2774509,5.377899999999954,f5./,/
97,3,3,5,4,0,1,1.2113467,5.712199999999939,f5.\,\
97,4,3,5,4,0,0,1.1216098,10.28670000000011,f5.\,\
97,5,3,5,4,0,1,1.2896221,14.903900000000249,f5./,/
97,6,4,5,4,0,1,1.1644268,15.003799999999956,f5.\,\
97,7,3,5,4,1,1,1.2796956000000002,19.472099999999955,f5*=,=
97,8,4,4,2,0,1,0.7490424,20.22109739999996,e3.?,?
97,9,3,5,4,1,1,1.2782866,24.181300000000192,f5*=,=
97,10,4,4,2,0,1,0.7483379,24.7426074,e3.=,=
97,11,3,5,4,0,1,1.2953329,28.32450000000017,f5.=,=
97,12,4,5,4,0,1,1.2217036,28.573300000000017,f5.?,?
97,13,3,5,4,0,1,1.2704294,32.70600000000013,f5.\,\
97,14,4,5,4,0,1,1.2138097,32.88779999999997,f5.=,=
97,15,3,5,4,0,1,1.2767626,37.421400000000176,f5.=,=
97,16,4,5,4,0,1,1.2271539,37.51710000000003,f5.=,=
97,17,4,5,4,0,0,1.3209579,46.25330000000031,f5./,/
97,18,4,5,4,0,0,1.3531372,50.6878999999999,f5./,/
97,19,4,5,4,0,0,1.3939028,55.64339999999993,f5./,/
97,20,4,5,4,0,1,1.3402312,60.32529999999997,f5.\,\
97,21,3,5,4,0,1,1.290439,60.57389999999987,f5.=,=
97,22,4,5,4,0,0,1.3996787,64.94460000000026,f5./,/
97,23,4,5,4,0,1,1.3552217000000002,69.51459999999997,f5.\,\
97,24,3,5,4,0,1,1.2630665,70.4704999999999,f5.\,\
97,25,4,5,4,0,1,1.3684411,74.26479999999992,f5.=,=
97,26,3,5,4,0,1,1.2495912000000002,74.49090000000024,f5.=,=
97,27,3,5,4,0,0,1.254691,79.77620000000024,f5.=,=
98,0,2,5,4,0,1,1.339575,0.0,f5.?,?
98,1,1,5,4,0,0,1.204325,3.893800000000283,f5.?,?
98,2,1,5,4,0,1,1.1901833,9.028099999999997,f5.=,=
98,3,2,5,4,0,0,1.3105084,9.376400000000103,f5.\,\
98,4,2,5,4,0,1,1.2948407,13.958599999999931,f5.=,=
98,5,1,5,4,0,1,1.2035333,14.02980000000025,f5.=,=
98,6,2,5,4,0,1,1.2589518000000002,18.440200000000004,f5.\,\
98,7,1,5,4,0,0,1.1689835,19.097400000000107,f5.\,\
98,8,1,5,4,0,0,1.2502417,26.0595000000003,f5./,/
99,0,2,15,0,1,0,0.398375,0.0,p1*?,?
99,1,2,11,0,1,0,0.3328998,7.335408500000085,l1*?,?
99,2,2,11,0,0,0,0.3173053,12.82058649999999,l1.=,=
99,3,2,13,0,0,0,0.3617669,18.200799999999617,n1.?,?
100,0,2,6,1,0,0,0.479818,0.0,g2.?,?
100,1,2,3,0,0,1,0.269011,7.875699999999597,d1.?,?
100,2,1,6,1,1,1,0.4587898,7.974199999999655,g2*?,?
100,3,2,3,0,0,1,0.2744937,12.66070000000036,d1.=,=
100,4,1,6,1,1,1,0.4583686,12.701600000000326,g2*=,=
100,5,2,2,0,0,1,0.2265646,17.05091420000008,c1.?,?
100,6,1,6,1,1,1,0.4659613,17.150899999999638,g2*=,=
100,7,2,2,0,0,1,0.2277712999999999,21.45526229999996,c1.=,=
100,8,1,6,1,1,1,0.484075,22.033400000000256,g2*=,=
100,9,2,2,0,0,0,0.2268584,26.413524999999936,c1.=,=
100,10,2,6,0,1,0,0.3118916,31.53350000000046,g1*?,?
100,11,2,2,0,0,0,0.2245084,36.98711660000026,c1.?,?
100,12,2,6,0,0,0,0.3212917,42.0589,g1.?,?
101,0,2,5,4,0,0,1.3423084,0.0,f5.?,?
101,1,2,5,4,0,1,1.2924637,3.1643999999996595,f5.\,\
101,2,3,5,4,0,1,1.2683218,7.07339999999931,f5.?,?
101,3,4,5,4,0,0,1.2926384,10.92699999999968,f5.?,?
101,4,4,5,4,0,1,1.2865951,14.151299999999535,f5.=,=
101,5,3,5,4,0,1,1.2474629,14.85030000000006,f5.=,=
101,6,4,5,4,0,1,1.3114702,18.33699999999953,f5./,/
101,7,3,5,4,1,1,1.3945641000000002,27.26800000000003,f5*/,/
101,8,4,5,4,0,1,1.1719849999999998,27.756875899998704,f5.\,\
101,9,3,5,4,0,1,1.4078627,31.784299999999348,f5.=,=
101,10,4,5,4,0,1,1.2399435,32.08899999999994,f5./,/
101,11,3,5,4,0,1,1.3583357,36.03889999999956,f5.\,\
101,12,4,5,4,0,1,1.2548529000000002,36.19939999999952,f5.=,=
101,13,3,5,4,0,1,1.3894306,40.18449999999939,f5./,/
101,14,4,5,4,0,1,1.2461377,40.32779999999912,f5.=,=
101,15,3,5,4,0,1,1.3589398,44.45619999999872,f5.\,\
101,16,4,5,4,0,1,1.2455889999999998,44.55479999999989,f5.=,=
101,17,4,5,4,0,0,1.3483143999999998,51.49089999999888,f5./,/
101,18,4,5,4,0,0,1.3356303,55.73959999999897,f5.=,=
101,19,4,5,4,0,0,1.3131416,60.09019999999873,f5.\,\
101,20,4,5,4,0,0,1.3160333,64.96069999999963,f5.=,=
101,21,4,5,4,1,0,1.2840832999999998,74.56219999999848,f5*\,\
101,22,4,4,2,0,0,0.7851417,79.46260829999846,e3.?,?
101,23,4,5,4,0,0,1.275475,83.0614999999998,f5.?,?
101,24,4,5,4,0,0,1.3072583,87.21209999999883,f5./,/
101,25,4,5,4,0,1,1.3203833,91.21239999999852,f5.=,=
101,26,3,5,4,0,0,1.4210333999999998,101.04529999999976,f5./,/
101,27,3,5,4,0,0,1.4128584000000002,105.55169999999998,f5.=,=
101,28,3,5,4,0,0,1.3827083,109.67969999999876,f5.\,\
101,29,3,5,4,0,0,1.358,113.59949999999844,f5.\,\
101,30,3,5,4,0,0,1.3445583,117.69579999999952,f5.=,=
101,31,3,5,4,1,0,1.3226687,130.7033999999985,f5*\,\
101,32,3,2,3,0,0,1.0737458000000002,136.86399999999958,c4.?,?
101,33,3,1,0,0,0,0.3692688,137.9377457999999,b1.?,?
102,0,2,5,4,0,0,1.3225417,0.0,f5.?,?
102,1,2,5,4,0,0,1.2645083,5.749200000000201,f5.\,\
102,2,2,5,4,0,0,1.2529417,10.821200000000315,f5.=,=
102,3,2,5,4,0,0,1.2617333000000002,15.30029999999897,f5.=,=
102,4,2,5,4,0,0,1.3372564,20.83979999999974,f5./,/
102,5,2,5,4,0,0,1.3330101,25.36110000000008,f5.=,=
103,0,2,5,4,0,0,1.3036834,0.0,f5.?,?
103,1,2,5,4,0,0,1.3011083,7.749200000000201,f5.=,=
103,2,2,3,4,1,1,1.3262584,12.28230000000076,d5*?,?
103,3,3,4,2,0,1,0.7390104999999999,13.397115899999337,e3.?,?
103,4,2,5,4,0,1,1.2610332999999998,17.747300000000905,f5.?,?
103,5,3,5,4,0,0,1.250525,22.616400000000795,f5.?,?
103,6,3,5,4,0,1,1.2904167,28.292100000000573,f5./,/
103,7,2,5,4,0,0,1.3431582999999998,37.8775999999998,f5./,/
103,8,2,5,4,0,0,1.3526916,43.356799999999566,f5.=,=
103,9,2,5,4,0,0,1.3649128,47.690599999999904,f5.=,=
103,10,2,5,4,0,0,1.3623016,52.6864000000005,f5.=,=
103,11,2,5,4,0,0,1.381179,57.764100000000326,f5./,/
104,0,2,1,2,0,0,0.8982,0.0,b3.?,?
104,1,2,1,0,0,0,0.2671667,0.8981999999996333,b1.?,?
104,2,2,1,0,0,1,0.3880083,1.165366700000959,b1./,/
104,3,3,5,4,0,1,1.2426742,4.2379000000000815,f5.?,?
104,4,2,1,2,0,0,0.8084667,4.712499999999636,b3.?,?
104,5,2,1,0,0,0,0.2332583,5.520966699999917,b1.?,?
104,6,2,1,0,0,1,0.314225,5.754225000000588,b1./,/
104,7,3,5,4,0,1,1.2303851,9.414800000000469,f5.=,=
104,8,2,0,2,0,1,0.8381354999999999,9.496399999999994,a3.?,?
104,9,2,1,0,0,0,0.1838341,10.334535500000127,b1.?,?
104,10,2,1,0,1,0,0.2469861,10.51836960000037,b1*/,/
104,11,3,5,4,0,0,1.2191237,14.695799999999508,f5.=,=
105,0,2,8,0,0,0,0.2182333,0.0,i1.?,?
105,1,2,9,0,0,0,0.2285621,0.2182333000000653,j1.?,?
105,2,2,3,0,0,0,0.1716379,0.446795399999246,d1.?,?
105,3,2,1,0,0,0,0.1553749999999999,0.6184333000001061,b1.?,?
105,4,2,1,0,0,1,0.249875,0.7738082999985636,b1./,/
105,5,3,5,3,0,1,1.0106084,0.8454000000001543,f4.?,?
105,6,3,5,3,0,0,0.9733,4.4200999999993655,f4.\,\
105,7,3,5,3,0,1,1.0049583,8.5625,f4./,/
105,8,2,5,4,0,0,1.2442,16.70129999999881,f5.?,?
105,9,2,5,4,0,1,1.2843584,21.004699999999502,f5./,/
105,10,3,5,4,0,0,1.2046584,22.383599999999205,f5.?,?
105,11,3,5,4,1,1,1.19735,26.075799999998708,f5*=,=
105,12,2,4,2,0,0,0.7215167,27.42386660000011,e3.?,?
105,13,2,1,0,0,1,0.415025,28.145383299999597,b1.?,?
105,14,3,5,4,0,1,1.1704083,29.8737000000001,f5.\,\
105,15,2,2,3,1,0,0.9700167,32.93319999999949,c4*?,?
105,16,2,1,0,0,0,0.3455417,34.03333329999987,b1.?,?
106,0,1,15,0,0,0,0.40325,0.0,p1.?,?
106,1,1,8,0,0,0,0.2405666,4.941200000001118,i1.?,?
106,2,1,3,0,0,0,0.1546917,5.181766600002447,d1.?,?
106,3,1,15,0,0,0,0.4077999999999999,10.161000000000058,p1.?,?
106,4,1,13,0,0,0,0.3462333,15.315600000001725,n1.?,?
106,5,1,13,0,0,0,0.374225,20.23849999999948,n1./,/
106,6,1,8,0,0,0,0.256225,25.298399999999678,i1.?,?
106,7,1,1,0,0,0,0.1700167,25.55462500000067,b1.?,?
107,0,1,3,0,0,0,0.3773917,0.0,d1.?,?
107,1,1,6,1,0,0,0.4930333,4.319208400000207,g2.?,?
107,2,1,6,1,0,0,0.5001249999999999,8.66000840000197,g2.=,=
107,3,1,6,1,0,0,0.4927832999999999,13.218408400000044,g2.=,=
107,4,1,6,1,0,0,0.4981749999999999,17.483908400001383,g2.=,=
107,5,1,6,1,0,0,0.501525,21.79460839999956,g2.=,=
107,6,1,6,1,0,0,0.508275,26.88130840000304,g2.=,=
108,0,2,12,2,0,0,0.6800417000000001,0.0,m3.?,?
108,1,2,11,1,0,0,0.5512,0.6800417000013113,l2.?,?
108,2,2,2,0,0,0,0.3260667,8.824000000000524,c1.?,?
108,3,2,3,0,0,0,0.2516083,9.150066700000025,d1.?,?
108,4,2,3,0,0,0,0.2288333,9.401675000000978,d1.\,\
108,5,2,3,0,0,0,0.2716583999999999,9.630508300000656,d1./,/
108,6,2,1,0,1,0,0.2434083,9.902166699997906,b1*?,?
108,7,2,4,0,0,0,0.2954584,10.956311599999026,e1.?,?
108,8,2,1,0,1,0,0.1617665999999999,11.251769999998942,b1*?,?
108,9,2,2,0,0,0,0.3149074,13.930899999999385,c1.?,?
108,10,2,3,0,0,0,0.2455094,14.24580739999874,d1.?,?
108,11,2,3,0,1,1,0.2450891,14.491316799998458,d1*=,=
108,12,3,4,0,0,1,0.2651249,14.61991660000058,e1.?,?
108,13,2,3,0,1,1,0.2445604,14.736405899999228,d1*=,=
108,14,3,1,0,0,1,0.1815352,14.94737090000126,b1.?,?
108,15,2,1,0,0,1,0.2165886,14.980966299997815,b1.?,?
108,16,2,12,2,1,0,0.6271917,16.26299999999901,m3*?,?
108,17,2,11,1,1,1,0.5522157,16.967141699999047,l2*?,?
108,18,3,2,0,0,0,0.2226939,17.206420599999547,c1.?,?
108,19,3,3,0,1,0,0.1974619,17.429114499998832,d1*?,?
108,20,3,16,1,0,0,0.4819749,18.66649999999936,q2.?,?
108,21,3,1,0,0,0,0.1617666999999999,19.14847490000102,b1.?,?
108,22,3,5,3,0,1,1.0279385,22.10410000000047,f4.?,?
108,23,2,13,0,1,1,0.3081326,22.141899999998717,n1*?,?
108,24,2,13,0,0,0,0.305539,22.4826178000003,n1.=,=
108,25,2,1,0,0,1,0.1210723,22.78815680000116,b1.?,?
108,26,3,5,3,0,1,0.9733167,25.318699999999808,f4.\,\
108,27,2,8,0,0,1,0.2167583,25.51789999999892,i1.?,?
108,28,2,8,0,1,0,0.1973417,25.734658299999865,i1*=,=
108,29,2,3,0,0,0,0.152257,25.95802629999889,d1.?,?
108,30,2,1,0,0,0,0.1544249999999999,26.110283300000447,b1.?,?
108,31,2,1,0,0,1,0.3692083,26.264708300001075,b1./,/
108,32,3,5,3,0,1,0.994275,28.418900000000576,f4./,/
108,33,2,5,3,0,0,0.9770417,29.61999999999898,f4.?,?
108,34,2,5,3,0,0,1.0157916,34.47119999999995,f4./,/
108,35,2,5,3,0,1,0.9789278,39.41760000000068,f4.\,\
108,36,3,6,1,0,1,0.5637888,39.69930000000022,g2.?,?
108,37,2,5,2,1,1,0.9020304,43.01469999999972,f3*?,?
108,38,3,3,0,0,1,0.4048211,43.67899730000136,d1.?,?
108,39,2,3,0,0,1,0.3760506,47.61549999999989,d1.?,?
108,40,3,6,1,1,1,0.5457752,47.71029999999882,g2*?,?
108,41,2,6,1,0,0,0.573225,51.1166000000012,g2.?,?
108,42,2,5,4,0,0,1.1459722,54.928899999998976,f5.?,?
108,43,2,5,4,0,1,1.154864,58.95729999999821,f5.=,=
108,44,3,5,4,0,1,1.1139807000000002,59.33880000000136,f5.?,?
108,45,2,5,4,0,1,1.1532901999999998,63.04439999999886,f5.=,=
108,46,3,5,4,0,1,1.1286736,63.41600000000108,f5.=,=
108,47,2,5,4,0,1,1.1853476,67.09660000000076,f5./,/
108,48,3,5,4,0,1,1.1107251,67.73700000000099,f5.=,=
108,49,2,5,4,1,1,1.1902011,71.32700000000114,f5*=,=
108,50,3,4,2,0,1,0.6875308000000001,72.48748630000046,e3.?,?
108,51,2,5,4,0,1,1.2085464,76.47399999999834,f5.=,=
108,52,3,5,4,0,1,1.2857822,86.05779999999868,f5.?,?
108,53,2,5,4,0,1,1.1746035,87.48649999999907,f5.\,\
108,54,3,5,4,0,1,1.3124758,91.14939999999842,f5./,/
108,55,2,5,4,0,1,1.1738007,92.14649999999892,f5.=,=
108,56,3,5,4,0,1,1.3473272,95.59259999999996,f5./,/
108,57,2,5,4,0,1,1.1642071,96.59950000000026,f5.=,=
108,58,3,5,4,0,1,1.3375934,100.03740000000109,f5.=,=
108,59,2,5,4,0,1,1.1693736,101.31429999999818,f5.=,=
108,60,3,5,4,0,1,1.2883768999999998,104.56940000000031,f5.\,\
108,61,2,5,4,0,1,1.1728976,105.22109999999884,f5.=,=
108,62,3,5,4,0,1,1.3085250000000002,108.73019999999816,f5./,/
108,63,2,5,4,0,0,1.1561256,109.3712000000014,f5.=,=
108,64,2,5,4,0,0,1.1571714,113.28369999999995,f5.=,=
109,0,2,5,4,0,0,1.2800249999999995,0.0,f5.?,?
109,1,2,5,4,0,1,1.2557667,4.916600000000472,f5.\,\
109,2,3,5,4,0,1,1.3381026,9.029999999998836,f5.?,?
109,3,2,5,4,0,0,1.2262953,9.57719999999972,f5.\,\
109,4,2,5,4,0,0,1.2784,20.18960000000152,f5./,/
109,5,2,5,4,0,1,1.2593235,25.29739999999947,f5.=,=
109,6,3,5,4,0,0,1.2458747,26.580999999998312,f5.\,\
109,7,3,5,4,0,1,1.3184708,32.00240000000122,f5./,/
109,8,2,5,4,0,1,1.2476932,32.099600000001374,f5.=,=
110,0,2,5,4,0,0,1.3580333999999998,0.0,f5.?,?
110,1,2,5,4,0,1,1.3401334,4.604200000001583,f5.=,=
110,2,3,5,4,0,1,1.2518307000000002,8.697800000001735,f5.?,?
110,3,2,5,4,0,1,1.3123946,9.388200000001234,f5.\,\
110,4,3,5,4,0,0,1.1933732,16.620100000000093,f5.\,\
110,5,3,5,4,0,0,1.2124998,21.949500000002445,f5./,/
110,6,3,5,4,0,0,1.2453,26.655099999999948,f5./,/
111,0,2,6,1,0,1,0.4865666,0.0,g2.?,?
111,1,1,5,0,0,1,0.3331461,9.385399999999208,f1.?,?
111,2,2,6,1,0,1,0.4898328999999999,9.537899999999354,g2.=,=
111,3,1,5,0,0,1,0.3298916,14.788000000000466,f1.=,=
111,4,2,6,1,0,1,0.4953882,15.295099999999366,g2.=,=
111,5,1,6,0,0,0,0.3275084,19.660799999997835,g1.?,?
112,0,1,6,1,0,0,0.50715,0.0,g2.?,?
112,1,1,6,1,0,1,0.5066666,5.017299999999523,g2.=,=
112,2,2,3,0,1,0,0.2451005,6.783800000001065,d1*?,?
112,3,2,6,0,0,0,0.3154132,14.0525000000016,g1.?,?
112,4,2,6,0,0,0,0.3151661,19.819600000002534,g1.=,=
112,5,2,6,0,0,0,0.3115669,26.079000000001543,g1.=,=
112,6,2,6,0,0,0,0.3118765,33.231400000000576,g1.=,=
113,0,2,5,4,0,0,1.3464188999999998,0.0,f5.?,?
113,1,2,5,4,0,1,1.2212396,2.568699999999808,f5.\,\
113,2,3,5,4,0,1,1.2623905,5.897899999999936,f5.?,?
113,3,2,5,4,0,1,1.2317571,6.297600000001694,f5.=,=
113,4,3,5,4,0,0,1.3139916,9.698300000000016,f5./,/
113,5,3,5,4,0,1,1.3681584,13.796000000002095,f5./,/
113,6,2,5,4,0,0,1.2975918,16.08599999999933,f5./,/
113,7,2,5,4,0,1,1.3596297999999998,25.50330000000031,f5./,/
113,8,3,5,4,0,1,1.2623586000000002,29.349500000000265,f5.\,\
113,9,2,5,4,0,1,1.3303398,29.46889999999985,f5.\,\
113,10,2,5,4,0,1,1.3137905,33.25,f5.=,=
113,11,3,5,4,0,1,1.2704857,37.0038999999997,f5.=,=
113,12,2,5,4,1,1,1.2797945,37.22810000000027,f5*\,\
113,13,2,5,4,0,1,1.2745849,41.29910000000018,f5.=,=
113,14,3,4,2,0,1,0.7997598,41.64650650000112,e3.?,?
113,15,2,5,4,0,0,1.3039832999999998,45.35499999999956,f5./,/
113,16,2,5,4,0,0,1.2867487,49.04539999999906,f5.=,=
113,17,2,5,4,0,0,1.27815,53.81430000000182,f5.=,=
113,18,2,5,4,0,0,1.2669667,58.22079999999914,f5.=,=
113,19,2,5,4,0,0,1.2680083,64.0619000000006,f5.=,=
113,20,2,5,4,0,0,1.2707583,69.67480000000069,f5.=,=
114,0,2,4,2,0,0,0.7764584,0.0,e3.?,?
114,1,2,1,0,0,1,0.4085416,0.776458399999683,b1.?,?
114,2,2,2,3,0,0,1.0235827,5.144366700002138,c4.?,?
114,3,2,3,1,1,0,0.491239,6.167949400001817,d2*?,?
114,4,2,2,0,0,0,0.3206334,16.396666700002243,c1.?,?
114,5,2,3,0,0,0,0.2519916,16.71730010000101,d1.?,?
114,6,2,3,0,0,0,0.2564917,16.969291699999303,d1.=,=
114,7,2,3,0,0,0,0.2689583,17.22578340000109,d1.=,=
114,8,2,1,0,1,1,0.2404833999999999,17.494741700003942,b1*?,?
114,9,3,5,4,0,1,1.1646417,22.89902500000244,f5.?,?
114,10,2,5,2,0,0,0.7439963999999999,26.01806670000224,f3.?,?
114,11,2,1,0,1,0,0.2913105,26.762063100002702,b1*?,?
114,12,3,5,4,0,1,1.2120229,33.04556670000238,f5./,/
114,13,2,5,4,0,1,1.2060229,34.48076670000228,f5.?,?
114,14,3,5,4,0,1,1.1375333,41.0038667000008,f5.\,\
114,15,2,5,4,1,0,1.1858084,46.07076670000242,f5*=,=
114,16,2,9,3,0,0,0.9460448,54.54758800000127,j4.?,?
115,0,2,14,0,0,0,0.3865688,0.0,o1.?,?
115,1,2,3,0,0,0,0.1623239,4.377199999998993,d1.?,?
115,2,2,3,0,0,0,0.1291198,4.53952389999904,d1.\,\
115,3,2,1,0,1,0,0.0941885,4.668643699998938,b1*?,?
115,4,2,6,0,0,0,0.2162084,8.986399999997957,g1.?,?
115,5,2,3,0,0,0,0.12575,9.202608399999008,d1.?,?
115,6,2,1,0,0,0,0.1369583,9.328358399998251,b1.?,?
115,7,2,6,0,0,0,0.2157083,13.69289999999819,g1.?,?
115,8,2,3,0,1,0,0.1450834,13.908608300000196,d1*?,?
116,0,2,6,1,1,0,0.4696667,0.0,g2*?,?
116,1,2,3,0,0,1,0.3547833,6.681941700000607,d1.?,?
116,2,3,6,0,0,1,0.3375331,11.039400000001478,g1.?,?
116,3,2,3,0,0,1,0.3352458,11.155900000001566,d1.=,=
116,4,2,6,1,0,1,0.4736941,15.000400000000807,g2.?,?
116,5,3,6,0,0,1,0.3541071,15.13890000000174,g1.=,=
116,6,3,3,0,0,1,0.2652242,19.08810000000085,d1.?,?
116,7,2,6,1,1,1,0.4570912,19.21600000000035,g2*=,=
116,8,2,6,1,0,1,0.459286,23.22910000000047,g2.=,=
116,9,3,6,0,0,1,0.3270246,23.290899999999965,g1.?,?
116,10,2,6,0,0,1,0.4438497999999999,26.830000000001743,g1.?,?
116,11,3,6,0,0,1,0.3358634,26.89640000000145,g1.=,=
116,12,3,6,0,0,1,0.3271508,30.755799999999,g1.=,=
116,13,2,6,1,0,1,0.4792330999999999,30.84990000000107,g2.?,?
116,14,3,3,0,0,1,0.2836237,34.84540000000197,d1.?,?
116,15,2,6,1,1,1,0.4781722,34.971300000001065,g2*=,=
116,16,2,6,1,0,0,0.4938083,38.76559999999881,g2.=,=
116,17,2,6,1,0,0,0.4967167,42.46689999999944,g2.=,=
116,18,2,6,1,0,0,0.5071253,46.25100000000021,g2.=,=
116,19,2,6,1,0,0,0.4940921,50.979599999998754,g2.=,=
116,20,2,6,1,0,0,0.4940725,55.14990000000034,g2.=,=
116,21,2,6,1,0,0,0.49407,58.87910000000193,g2.=,=
117,0,2,5,3,1,1,0.998323,0.0,f4*?,?
117,1,1,16,0,0,0,0.4452417,0.4253083000003244,q1.?,?
117,2,1,1,0,1,0,0.1109833,0.8705499999996391,b1*?,?
117,3,1,16,1,1,0,0.460025,3.214974999998958,q2*?,?
117,4,2,16,0,1,1,0.4417968,4.757499999999709,q1*?,?
117,5,1,16,0,0,1,0.407875,5.009616699999242,q1.?,?
117,6,2,1,0,0,1,0.0580856,5.199296799999502,b1.?,?
117,7,2,1,0,0,1,0.1139761,5.257382399999187,b1./,/
117,8,1,3,0,1,1,0.1629749999999999,5.417491700000028,d1*?,?
117,9,2,5,3,0,1,0.9549659,7.394399999999223,f4.?,?
117,10,1,6,0,0,1,0.1888833999999999,7.51089999999931,g1.?,?
117,11,1,6,0,0,0,0.1628333,7.699783399999433,g1.\,\
117,12,1,3,0,0,0,0.131875,7.862616700000217,d1.?,?
117,13,1,1,0,1,0,0.1080666999999999,7.994491699999344,b1*?,?
117,14,1,5,3,1,1,1.0367666,13.068699999999808,f4*?,?
117,15,2,2,0,0,0,0.1844217,13.124679900000046,c1.?,?
117,16,2,3,0,0,0,0.1373419,13.309101599999847,d1.?,?
117,17,2,3,0,0,0,0.1194703,13.446443499999075,d1.=,=
117,18,2,0,0,0,1,0.0690764,13.56591379999918,a1.?,?
117,19,1,5,3,0,1,1.010813,16.42569999999978,f4.\,\
117,20,2,5,3,0,1,0.9642988,16.461599999998725,f4.?,?
117,21,1,5,3,0,1,0.9998,20.114199999999983,f4.=,=
117,22,2,8,0,0,0,0.2182417,23.865999999999985,i1.?,?
117,23,2,8,0,0,0,0.214325,24.084241700000348,i1.=,=
117,24,2,9,0,0,1,0.2308666,24.298566699999355,j1.?,?
117,25,1,5,3,0,1,0.9815167,24.45759999999973,f4.=,=
117,26,2,1,0,0,1,0.1447834,24.529433300000164,b1.?,?
117,27,2,1,0,0,0,0.2886583,24.674216699999302,b1./,/
117,28,2,8,0,0,0,0.2123,28.45160000000033,i1.?,?
117,29,2,8,0,0,0,0.202125,28.66389999999956,i1.=,=
117,30,2,3,0,0,1,0.1266749999999999,28.866025000001173,d1.?,?
117,31,1,5,3,0,1,0.982525,28.91870000000017,f4.=,=
117,32,2,1,0,0,1,0.1077415999999999,28.99269999999888,b1.?,?
117,33,2,1,0,1,0,0.1682417,29.100441599999613,b1*/,/
117,34,1,5,3,0,1,1.0074667,32.98909999999887,f4./,/
117,35,2,8,0,0,0,0.2190334,39.14530000000013,i1.?,?
117,36,2,8,0,0,0,0.2203511,39.36433339999894,i1.=,=
117,37,2,9,0,0,0,0.2358489,39.58468449999964,j1.?,?
117,38,2,3,0,0,0,0.2206083,39.82053339999948,d1.?,?
117,39,2,1,0,0,1,0.27225,40.04114169999957,b1.?,?
117,40,1,5,3,1,1,0.9837834,40.07459999999992,f4*\,\
117,41,2,8,0,0,0,0.2198917,44.74718329999996,i1.?,?
117,42,2,8,0,0,0,0.2136749999999999,44.96707499999866,i1.=,=
117,43,2,9,0,0,0,0.2230917,45.180749999999534,j1.?,?
117,44,2,1,0,0,0,0.1162666,45.40384169999925,b1.?,?
117,45,2,1,0,0,1,0.181425,45.52010829999927,b1./,/
117,46,1,5,3,0,1,0.9720084,45.685599999998885,f4.=,=
117,47,2,0,0,0,1,0.31835,45.70153329999994,a1.?,?
118,0,3,5,4,0,0,1.3951433,0.0,f5.?,?
118,1,3,5,4,0,1,1.1582637999999998,2.587899999999536,f5.\,\
118,2,2,5,4,0,1,1.1346278,7.456199999999626,f5.?,?
118,3,1,5,4,0,1,1.2664417,7.691100000000006,f5.?,?
118,4,2,5,4,0,1,1.1914107,11.337999999999738,f5./,/
118,5,1,5,4,0,1,1.2819416,11.376499999999396,f5.=,=
118,6,2,5,4,1,1,1.2941881,15.2520999999997,f5*/,/
118,7,1,4,2,0,1,0.7797417,16.28057499999977,e3.?,?
118,8,2,5,4,1,1,1.3041392,19.04199999999946,f5*=,=
118,9,1,4,2,0,1,0.7770332999999999,20.1298582999998,e3.=,=
118,10,2,5,4,0,1,1.2601084,22.78639999999996,f5.\,\
118,11,1,5,4,0,1,1.2690167,24.69920000000002,f5.?,?
118,12,2,5,4,0,0,1.293625,27.347899999999758,f5./,/
119,0,2,7,2,0,0,0.6995750000000001,0.0,h3.?,?
119,1,2,7,2,0,0,0.6726917,5.383200000000215,h3.\,\
119,2,2,7,2,0,0,0.6656167,9.9954000000007,h3.=,=
119,3,2,7,2,1,0,0.648825,14.94630000000052,h3*=,=
119,4,2,3,2,0,0,0.6824749999999999,19.96428330000072,d3.?,?
119,5,2,7,2,0,0,0.6488667,24.838800000000447,h3.?,?
120,0,2,7,2,1,0,0.7205834,0.0,h3*?,?
120,1,2,1,1,1,0,0.5061667,10.010000000000218,b2*?,?
121,0,2,0,2,0,0,0.8521417,0.0,a3.?,?
121,1,2,1,0,0,0,0.2897583,0.8521417000001748,b1.?,?
121,2,2,1,1,0,0,0.4766249999999999,1.1419000000005326,b2.?,?
122,0,2,16,0,1,0,0.4281833,0.0,q1*?,?
122,1,2,15,0,0,0,0.3653083,0.4722250000004351,p1.?,?
122,2,2,1,0,0,0,0.1707834,0.8375333000003593,b1.?,?
122,3,2,1,0,0,0,0.3154582999999999,1.0083167000002504,b1./,/
122,4,2,8,0,0,0,0.2139172,4.987600000000384,i1.?,?
122,5,2,8,0,0,0,0.2195127,5.201517200000126,i1.=,=
122,6,2,9,0,0,0,0.2348408,5.421029900000576,j1.?,?
122,7,2,1,0,0,1,0.1323655,5.655870700000378,b1.?,?
122,8,2,1,0,0,1,0.2843674,5.7882362000000285,b1./,/
122,9,2,8,0,0,0,0.2118167,8.98700000000008,i1.?,?
122,10,2,8,0,0,1,0.217925,9.198816699999952,i1.=,=
122,11,1,8,0,0,1,0.2644166,9.321399999999812,i1.?,?
122,12,2,9,0,0,1,0.2318666999999999,9.416741699999877,j1.?,?
122,13,1,8,0,0,1,0.2191,9.585816599999816,i1.\,\
122,14,2,1,0,1,1,0.1681666,9.64860839999983,b1*?,?
122,15,1,3,0,0,1,0.1836917,9.851566599999389,d1.?,?
122,16,1,8,0,0,0,0.2500167,12.957500000000437,i1.?,?
122,17,1,8,0,0,0,0.2198083,13.20751670000027,i1.\,\
122,18,1,3,0,0,0,0.1502166999999999,13.427325000000565,d1.?,?
122,19,1,1,0,0,0,0.134175,13.577541700000438,b1.?,?
123,0,1,1,0,0,0,0.1699417,0.0,b1.?,?
123,1,1,0,0,0,0,0.1206167,0.1699416999999812,a1.?,?
123,2,1,1,0,0,0,0.1034083,0.290558400000009,b1.?,?
123,3,1,0,0,0,0,0.2110833,4.20719999999983,a1.?,?
123,4,1,0,0,0,0,0.1497584,4.41828329999953,a1.\,\
123,5,1,6,0,0,0,0.327325,8.136099999999715,g1.?,?
123,6,1,0,0,0,0,0.1866417,12.04149999999936,a1.?,?
123,7,1,0,0,0,1,0.1363583,12.228141699999467,a1.\,\
123,8,2,6,0,0,0,0.3130906,12.862599999999476,g1.?,?
123,9,2,6,0,0,1,0.3135943,16.636599999999817,g1.=,=
123,10,1,0,0,0,1,0.1952916,16.809299999999894,a1./,/
123,11,1,1,0,0,0,0.1407417,17.004591599999912,b1.?,?
123,12,1,0,0,0,0,0.1820834,20.89339999999993,a1.?,?
123,13,1,1,0,0,1,0.1276749999999999,21.07548339999994,b1.?,?
123,14,2,6,0,0,1,0.3178499,24.83339999999953,g1.=,=
123,15,1,1,0,0,1,0.1805584,25.01260000000002,b1./,/
123,16,1,1,0,0,1,0.1316999999999999,25.19315840000036,b1.\,\
123,17,2,6,0,0,1,0.3330619999999999,29.245100000000093,g1.=,=
123,18,1,0,0,0,1,0.1869834,29.317199999999502,a1.?,?
123,19,1,1,0,0,0,0.1408166,29.50418339999942,b1.?,?
123,20,1,6,0,0,0,0.3297082999999999,33.728000000000065,g1.?,?
124,0,1,6,0,0,0,0.3294832999999999,0.0,g1.?,?
124,1,1,6,0,0,0,0.3300584,5.104199999999764,g1.=,=
124,2,1,6,0,0,0,0.327,9.807600000000091,g1.=,=
124,3,1,6,0,0,0,0.3216083,14.218600000000151,g1.=,=
124,4,1,6,0,0,0,0.3327166,18.241699999999582,g1.=,=
124,5,1,6,0,0,0,0.3222083,22.46230000000014,g1.=,=
125,0,2,6,0,0,0,0.31515,0.0,g1.?,?
125,1,2,6,0,0,0,0.3224417,7.155099999999948,g1.=,=
125,2,2,6,0,0,1,0.3138977,11.463300000000345,g1.=,=
125,3,1,6,0,0,1,0.3349068,11.627199999999904,g1.?,?
125,4,1,0,0,0,0,0.18795,15.811099999999897,a1.?,?
125,5,1,0,0,0,1,0.1397749999999999,15.999049999999444,a1.\,\
125,6,2,6,0,0,1,0.3262783,19.514799999999923,g1.=,=
125,7,1,0,0,0,0,0.1839667,19.98450000000048,a1./,/
125,8,1,0,0,0,0,0.1401833,20.168466700000863,a1.\,\
125,9,1,0,0,0,0,0.1817,23.96830000000045,a1./,/
125,10,1,1,0,0,0,0.1338333,24.14999999999964,b1.?,?
126,0,2,6,0,0,0,0.3190883,0.0,g1.?,?
126,1,2,6,0,0,0,0.3176349,7.901800000000549,g1.=,=
127,0,2,6,0,0,0,0.2215499999999999,0.0,g1.?,?
127,1,2,1,0,0,0,0.1013584,0.2215500000002066,b1.?,?
127,2,2,8,0,1,0,0.2805416,4.258299999999508,i1*?,?
127,3,2,6,0,0,0,0.3287582999999999,8.641999999999825,g1.?,?
127,4,2,6,0,0,0,0.3303166,12.77349999999933,g1.=,=
127,5,2,6,0,0,0,0.3320417,16.89969999999994,g1.=,=
127,6,2,6,0,0,0,0.3382,21.19969999999921,g1.=,=
128,0,2,6,0,0,1,0.3291,0.0,g1.?,?
128,1,1,6,0,0,0,0.3838083,5.561800000001313,g1.?,?
128,2,1,6,0,0,1,0.3689833999999999,9.859800000000178,g1.=,=
128,3,2,6,0,0,1,0.307125,11.187000000001715,g1.\,\
128,4,1,6,0,0,1,0.3343,14.442400000001726,g1.\,\
128,5,2,6,0,1,1,0.30575,15.224700000000666,g1*=,=
128,6,1,3,0,0,1,0.225075,18.8756250000024,d1.?,?
128,7,2,6,0,0,1,0.3224383999999999,19.31590000000142,g1.=,=
128,8,1,6,0,0,1,0.3710417,22.87920000000122,g1.?,?
128,9,2,6,0,0,1,0.3199917,23.54790000000139,g1.=,=
128,10,1,6,0,0,1,0.3350833,27.921900000001187,g1.\,\
128,11,2,6,0,0,1,0.3170768,27.94970000000103,g1.=,=
129,0,2,2,0,0,1,0.2450285999999999,0.0,c1.?,?
129,1,1,0,0,0,1,0.1814583,0.0635846000022866,a1.?,?
129,2,1,6,0,0,1,0.3211417,5.6498846000013145,g1.?,?
129,3,2,6,0,0,1,0.3274329,5.77848460000132,g1.?,?
129,4,1,0,0,0,1,0.1835917,10.52678460000243,a1.?,?
129,5,2,6,0,0,1,0.3308084999999999,10.613484600002266,g1.=,=
129,6,1,0,0,0,1,0.1396333,10.71037630000319,a1.\,\
129,7,2,3,0,0,1,0.2453182,14.666284600001743,d1.?,?
129,8,1,6,0,0,1,0.3237318999999999,18.5137846000016,g1.?,?
129,9,2,6,0,0,1,0.3222657,18.57848460000241,g1.?,?
129,10,2,6,0,0,1,0.3216071,22.237584600001355,g1.=,=
129,11,1,6,0,0,1,0.31055,22.67448460000196,g1.=,=
129,12,2,6,0,0,1,0.3242508,26.207384600002115,g1.=,=
129,13,1,6,0,0,1,0.3079917,26.884784600000785,g1.=,=
129,14,2,6,0,0,1,0.3145772,30.601984600001742,g1.=,=
129,15,1,6,0,0,1,0.3120584,31.165084600001137,g1.=,=
129,16,2,6,0,0,1,0.3288681,35.10198460000174,g1.=,=
129,17,1,6,0,0,1,0.3025833,35.696484600000986,g1.=,=
129,18,2,6,0,0,1,0.3302429999999999,39.777884600001926,g1.=,=
129,19,1,6,0,0,1,0.3070833,40.339484600001015,g1.=,=
129,20,2,6,0,0,1,0.3368335,44.40978460000224,g1.=,=
129,21,1,6,0,0,1,0.3094,45.09788460000164,g1.=,=
129,22,2,6,0,0,1,0.3338247,48.84238460000233,g1.=,=
129,23,1,6,0,0,0,0.3124833,49.805984600001466,g1.=,=
130,0,2,1,0,0,0,0.1699249,0.0,b1.?,?
130,1,2,0,0,0,0,0.1206047,0.1699249000002964,a1.?,?
130,2,2,1,0,0,0,0.1032526,0.2905295999998998,b1.?,?
130,3,2,0,0,0,0,0.2109083,4.206500000000233,a1.?,?
130,4,2,0,0,0,0,0.1497333,4.417408299999806,a1.\,\
130,5,2,6,0,0,0,0.3272917,8.13510000000042,g1.?,?
130,6,2,0,0,0,0,0.1866249999999999,12.04029999999966,a1.?,?
130,7,2,0,0,0,1,0.1363417,12.226924999999936,a1.\,\
130,8,1,6,0,0,0,0.3131833,12.86110000000008,g1.?,?
130,9,1,6,0,0,1,0.3136713,16.635199999999713,g1.=,=
130,10,2,0,0,0,1,0.1953157999999999,16.808200000000397,a1./,/
130,11,2,1,0,0,0,0.1407548,17.00351580000006,b1.?,?
130,12,2,0,0,0,0,0.1820999999999999,20.892399999999725,a1.?,?
130,13,2,1,0,0,1,0.1276917,21.07449999999972,b1.?,?
130,14,1,1,0,1,0,0.1703517,24.832099999999627,b1*?,?
130,15,1,1,0,0,1,0.1470917,25.002911700000368,b1.\,\
130,16,2,1,0,0,1,0.1805534,25.01149999999961,b1./,/
130,17,2,1,0,0,1,0.1317091,25.192053399999168,b1.\,\
130,18,1,6,0,0,1,0.3283660999999999,29.243599999999788,g1.?,?
130,19,2,0,0,0,1,0.1869809,29.315999999999804,a1.?,?
130,20,2,1,0,0,0,0.1408068,29.502980899999784,b1.?,?
130,21,2,6,0,0,0,0.329725,33.726700000000164,g1.?,?
131,0,1,6,0,0,0,0.3294083,0.0,g1.?,?
131,1,1,6,0,0,0,0.3300084,5.103799999999865,g1.=,=
131,2,1,6,0,0,0,0.3269333,9.80659999999989,g1.=,=
131,3,1,6,0,0,0,0.3215333999999999,14.217099999999846,g1.=,=
131,4,1,6,0,0,0,0.332825,18.239800000000287,g1.=,=
131,5,1,6,0,0,0,0.3222,22.46050000000014,g1.=,=
132,0,1,6,0,0,0,0.3152083,0.0,g1.?,?
132,1,1,6,0,0,0,0.32245,7.154899999999543,g1.=,=
132,2,1,6,0,0,1,0.31405,11.462899999999536,g1.=,=
132,3,2,6,0,0,1,0.3359796,11.626400000000103,g1.?,?
132,4,2,0,0,0,0,0.1879583,15.811299999999392,a1.?,?
132,5,2,0,0,0,1,0.1397749999999999,15.999258300000292,a1.\,\
132,6,1,6,0,0,1,0.3262916999999999,19.51149999999961,g1.=,=
132,7,2,0,0,0,0,0.1839666,19.984800000000178,a1./,/
132,8,2,0,0,0,0,0.1403334,20.1687665999998,a1.\,\
132,9,2,0,0,0,0,0.1819916,23.968699999999444,a1./,/
132,10,2,1,0,0,0,0.13385,24.150691599999845,b1.?,?
133,0,2,6,0,0,0,0.3190667,0.0,g1.?,?
133,1,2,6,0,0,0,0.3171911,7.901800000000549,g1.=,=
134,0,1,6,0,0,0,0.221525,0.0,g1.?,?
134,1,1,1,0,0,0,0.10135,0.2215250000008382,b1.?,?
134,2,1,8,0,1,0,0.280525,4.258399999998801,i1*?,?
134,3,1,6,0,0,0,0.3284583,8.642099999999118,g1.?,?
134,4,1,6,0,0,0,0.3300083,12.773799999999028,g1.=,=
134,5,1,6,0,0,0,0.3315917,16.899999999999636,g1.=,=
134,6,1,6,0,0,0,0.3382083,21.19969999999921,g1.=,=
135,0,1,6,0,0,1,0.3291417,0.0,g1.?,?
135,1,2,6,0,0,0,0.3810917,5.56590000000142,g1.?,?
135,2,2,6,0,0,1,0.3692999999999999,9.86110000000008,g1.=,=
135,3,1,6,0,0,1,0.307175,11.188100000001214,g1.\,\
135,4,2,6,0,0,1,0.3340832999999999,14.444200000001729,g1.\,\
135,5,1,6,0,1,1,0.3053,15.22570000000087,g1*=,=
135,6,2,3,0,0,1,0.2252,18.87685000000056,d1.?,?
135,7,1,6,0,0,1,0.3226917,19.31650000000081,g1.=,=
135,8,2,6,0,0,1,0.3713333,22.880200000001423,g1.?,?
135,9,1,6,0,0,1,0.3200333999999999,23.54870000000119,g1.=,=
135,10,2,6,0,0,1,0.3347982,27.923400000001493,g1.\,\
135,11,1,6,0,0,1,0.3170917,27.95060000000012,g1.=,=
136,0,1,3,0,0,1,0.2505332999999999,0.0,d1.?,?
136,1,2,9,1,1,1,0.4914448999999999,0.0173000000013416,j2*?,?
136,2,2,6,0,0,1,0.3210746,5.714400000000751,g1.?,?
136,3,1,6,0,0,1,0.3271334,5.84190000000126,g1.?,?
136,4,2,6,0,0,1,0.3234095,10.591500000000453,g1.=,=
136,5,1,6,0,0,1,0.3275461,10.675000000001091,g1.=,=
136,6,1,6,0,0,1,0.3182084,14.727900000001682,g1.=,=
136,7,2,6,0,0,1,0.3237616,18.57930000000124,g1.=,=
136,8,1,6,0,0,1,0.3223,18.63970000000154,g1.=,=
136,9,1,6,0,0,1,0.3196417,22.3007000000016,g1.=,=
136,10,2,6,0,0,1,0.31025,22.73990000000049,g1.=,=
136,11,1,6,0,0,1,0.3242667,26.268200000000437,g1.=,=
136,12,2,6,0,0,1,0.308025,26.950400000001537,g1.=,=
136,13,1,6,0,0,1,0.3145833,30.66260000000148,g1.=,=
136,14,2,6,0,0,1,0.3117666999999999,31.23080000000118,g1.=,=
136,15,1,6,0,0,1,0.329275,35.16270000000077,g1.=,=
136,16,2,6,0,0,1,0.3026167,35.76210000000174,g1.=,=
136,17,1,6,0,0,1,0.33005,39.83890000000065,g1.=,=
136,18,2,6,0,0,1,0.3067999999999999,40.40510000000177,g1.=,=
136,19,1,6,0,0,1,0.3345249999999999,44.473000000001775,g1.=,=
136,20,2,6,0,0,1,0.309425,45.16370000000097,g1.=,=
136,21,1,6,0,0,1,0.3340666,48.90320000000065,g1.=,=
136,22,2,6,0,0,0,0.312675,49.87200000000121,g1.=,=
137,0,3,5,4,0,1,1.3091671,0.0,f5.?,?
137,1,2,5,4,1,1,1.2568083,4.553600000002916,f5*?,?
137,2,3,4,2,0,0,0.7420236,6.04124480000246,e3.?,?
137,3,3,5,3,0,1,0.9872217,7.831200000000535,f4.?,?
137,4,2,5,4,0,1,1.0861666,7.910800000001473,f5.\,\
137,5,3,1,0,0,1,0.4452076,9.473100000002889,b1.?,?
137,6,2,6,2,0,1,0.7831416,9.7274000000034,g3.?,?
137,7,3,1,0,0,1,0.3042806,9.918307600004482,b1.\,\
137,8,1,5,2,0,1,0.9017583,13.234900000003108,f3.?,?
137,9,2,0,1,1,1,0.5768002999999999,13.52440000000206,a2*?,?
137,10,2,1,0,0,1,0.262275,14.158922500002518,b1.?,?
137,11,1,5,2,0,1,0.9000833,16.625700000000506,f3.=,=
137,12,2,5,2,1,0,0.8996847,17.055200000002515,f3*?,?
137,13,1,7,2,0,1,0.6686916999999999,25.056800000002116,h3.?,?
137,14,2,4,2,0,0,0.7822533,25.393636500000863,e3.?,?
137,15,2,2,3,0,0,1.04343,29.319800000001123,c4.?,?
137,16,2,3,1,1,1,0.5030028,30.36323000000266,d2*?,?
137,17,1,1,0,1,0,0.3149834,31.594658300000447,b1*?,?
137,18,2,5,4,0,0,1.1723302,34.47560000000158,f5.?,?
137,19,2,0,2,0,0,0.7888721,38.68920000000071,a3.?,?
137,20,2,1,0,0,0,0.2375251,39.478072100002464,b1.?,?
137,21,2,1,0,0,1,0.1963491,39.71559720000005,b1.\,\
137,22,1,5,4,0,1,1.1370206,39.81130000000121,f5.?,?
137,23,2,0,2,0,0,0.7607056999999999,43.69850000000224,a3.?,?
137,24,2,1,0,0,0,0.2580966,44.459205700000894,b1.?,?
137,25,2,1,0,0,0,0.4115334,44.71730230000321,b1./,/
137,26,2,0,2,0,0,0.7438,48.50380000000223,a3.?,?
137,27,2,1,0,0,0,0.2404917,49.24760000000242,b1.?,?
137,28,2,1,0,1,0,0.3207916,49.48809170000095,b1*/,/
138,0,2,6,0,0,1,0.3117706,0.0,g1.?,?
138,1,1,0,0,0,0,0.1898161,0.3497999999999592,a1.?,?
138,2,1,1,0,0,0,0.1358167,0.5396160999989661,b1.?,?
138,3,1,6,0,0,1,0.3324417,5.2608000000000175,g1.?,?
138,4,2,6,0,0,1,0.299575,7.170600000001286,g1.=,=
138,5,1,6,0,0,0,0.3305666,11.10910000000149,g1.=,=
138,6,1,6,0,0,1,0.3342666999999999,17.264800000000832,g1.=,=
138,7,2,6,0,0,1,0.296432,18.10160000000178,g1.=,=
138,8,1,6,0,0,1,0.3184667,22.42569999999978,g1.=,=
138,9,2,6,0,0,1,0.3029917,23.226999999998952,g1.=,=
138,10,1,6,0,0,1,0.3222082999999999,27.01550000000134,g1.=,=
138,11,2,1,0,0,1,0.4298349999999999,27.23670000000129,b1.?,?
138,12,2,0,0,0,0,0.2795428,27.66653500000029,a1.?,?
138,13,2,1,0,0,1,0.4361812,32.51339999999982,b1.?,?
138,14,1,6,0,0,1,0.3090667,32.625599999999395,g1.=,=
138,15,2,0,0,0,1,0.2787503,32.94958119999865,a1.?,?
138,16,1,6,0,0,1,0.31685,37.59300000000076,g1.=,=
138,17,2,1,0,0,1,0.4358807999999999,37.658800000001065,b1.?,?
138,18,2,0,0,0,0,0.2886168999999999,38.09468080000079,a1.?,?
138,19,2,5,2,0,1,0.7920166000000001,42.29130000000077,f3.?,?
138,20,1,6,0,0,1,0.3185666,45.41809999999896,g1.=,=
138,21,2,5,2,0,1,0.797825,46.93019999999888,f3.=,=
138,22,1,6,0,0,0,0.3146166999999999,49.50540000000183,g1.=,=
138,23,1,6,0,0,0,0.3137584,53.72350000000006,g1.=,=
139,0,2,6,0,0,0,0.3091833,0.0,g1.?,?
139,1,2,6,0,0,0,0.3144167,5.87869999999748,g1.=,=
139,2,2,6,0,0,0,0.318625,11.840799999998126,g1.=,=
139,3,2,6,0,0,0,0.3228083,17.048099999999977,g1.=,=
139,4,2,6,0,0,0,0.3312917,21.5031999999992,g1.=,=
139,5,2,6,0,0,0,0.30735,27.56499999999869,g1.\,\
139,6,2,6,0,0,0,0.3137917,36.29839999999968,g1.=,=
139,7,2,3,0,0,0,0.1337083,45.22539999999936,d1.?,?
139,8,2,1,0,0,0,0.110025,45.35910829999921,b1.?,?
139,9,2,3,0,0,0,0.14459,50.78759999999966,d1.?,?
139,10,2,1,0,0,0,0.1185633,50.93218999999954,b1.?,?
140,0,2,3,0,1,0,0.2662833,0.0,d1*?,?
140,1,2,6,0,0,0,0.3188,4.370100000000093,g1.?,?
140,2,2,6,0,0,0,0.3146083,10.988000000001191,g1.=,=
140,3,2,6,0,1,0,0.3164,15.387300000002142,g1*=,=
140,4,2,3,0,1,0,0.2444666999999999,19.894900000002963,d1*?,?
140,5,2,3,0,1,0,0.2321807,24.9757359000032,d1*=,=
140,6,2,3,0,0,0,0.2633265999999999,29.57610190000196,d1./,/
140,7,2,6,0,0,0,0.3220035,34.03020000000106,g1.?,?
140,8,2,6,0,1,0,0.3234268,39.10840000000098,g1*=,=
140,9,2,3,0,0,0,0.2418816999999999,44.277351600001566,d1.?,?
140,10,2,6,0,0,0,0.317497,48.367300000001705,g1.?,?
141,0,1,8,0,0,0,0.2796166,0.0,i1.?,?
141,1,1,1,0,0,1,0.108725,0.2796165999999971,b1.?,?
141,2,2,6,0,0,1,0.3159333,1.0542999999999552,g1.?,?
141,3,1,0,0,0,0,0.1904333,4.650899999999979,a1.?,?
141,4,1,0,0,0,1,0.1403084,4.841333299999974,a1.\,\
141,5,2,6,0,0,1,0.32075,5.456699999999955,g1.=,=
141,6,1,6,0,0,1,0.3267833,9.3279,g1.?,?
141,7,2,6,0,0,1,0.3220646,9.723299999999997,g1.=,=
141,8,1,0,0,0,0,0.1877,13.75709999999998,a1.?,?
141,9,1,0,0,0,1,0.1389667,13.944799999999988,a1.\,\
141,10,2,6,0,0,1,0.3138499999999999,14.043900000000008,g1.=,=
141,11,1,6,0,0,1,0.3254917,17.936999999999955,g1.?,?
141,12,2,6,0,0,1,0.327401,18.192899999999952,g1.=,=
141,13,2,6,0,0,1,0.3055526,22.0865,g1.\,\
141,14,1,6,0,0,1,0.3180584,22.13689999999997,g1.=,=
141,15,2,6,0,0,1,0.3215132,24.905100000000004,g1.=,=
141,16,1,9,0,0,1,0.4363334,24.957499999999985,j1.?,?
142,0,2,6,0,0,1,0.3182938,0.0,g1.?,?
142,1,1,6,0,0,1,0.327575,0.8451000000000022,g1.?,?
142,2,2,6,0,0,1,0.318945,5.5622999999999365,g1.=,=
142,3,1,6,0,0,1,0.3044833,6.047500000000014,g1.\,\
142,4,2,6,0,0,1,0.3054755,11.211400000000026,g1.=,=
142,5,1,6,0,0,1,0.3086916,11.346599999999968,g1.=,=
142,6,2,6,0,1,1,0.3268851,16.44959999999992,g1*/,/
142,7,1,2,1,0,1,0.5421834,16.776516600000036,c2.?,?
142,8,2,6,0,0,1,0.3178201,20.49829999999997,g1.=,=
142,9,1,6,2,0,1,0.7120333,21.14760000000001,g3.?,?
142,10,2,6,0,0,0,0.3130083,24.833099999999945,g1.=,=
142,11,2,6,0,0,0,0.3277833,29.02069999999992,g1.=,=
142,12,2,6,0,0,0,0.3327916999999999,33.04759999999999,g1.=,=
142,13,2,6,0,0,0,0.3306834,37.0992,g1.=,=
142,14,2,6,0,0,0,0.3290582999999999,41.0983,g1.=,=
142,15,2,6,0,0,0,0.3251334,45.011300000000006,g1.=,=
142,16,2,6,0,0,0,0.3342333,49.09649999999999,g1.=,=
142,17,2,6,0,0,0,0.3339333,53.08460000000002,g1.=,=
142,18,2,6,0,0,0,0.3405443,61.76099999999997,g1.=,=
142,19,2,6,0,0,0,0.335525,66.16219999999998,g1.=,=
142,20,2,6,0,0,0,0.3318,70.46589999999992,g1.=,=
142,21,2,6,0,0,0,0.3291,74.62900000000002,g1.=,=
142,22,2,6,0,0,0,0.333625,78.58179999999993,g1.=,=
143,0,1,6,0,0,0,0.35815,0.0,g1.?,?
143,1,1,6,0,0,0,0.3402083999999999,3.69239170000003,g1.=,=
143,2,1,0,0,0,0,0.1943417,7.744691699999976,a1.?,?
143,3,1,0,0,0,1,0.1435332999999999,7.939033399999971,a1.\,\
143,4,2,11,0,1,0,0.27225,11.625091699999984,l1*?,?
143,5,2,9,0,0,0,0.2853723999999999,15.66685839999991,j1.?,?
143,6,2,11,0,0,0,0.2764083,19.8061917,l1.?,?
143,7,2,1,0,0,0,0.0996917,20.08259999999996,b1.?,?
143,8,2,11,0,0,0,0.249225,23.3668917,l1.?,?
143,9,2,1,0,0,0,0.1696667,23.61611670000002,b1.?,?
144,0,1,5,2,0,0,0.8384833,0.0,f3.?,?
144,1,1,5,2,0,0,0.8152833,5.311700000000201,f3.\,\
144,2,1,5,2,0,0,0.8083916,10.109400000001187,f3.=,=
144,3,1,5,2,0,0,0.8038083,14.99200000000019,f3.=,=
144,4,1,5,2,0,0,0.806875,20.007700000000117,f3.=,=
145,0,1,5,2,0,0,0.8690416,0.0,f3.?,?
145,1,1,5,2,1,0,0.7707167,6.826199999999517,f3*\,\
145,2,1,2,1,0,0,0.5281916999999999,12.158074999999371,c2.?,?
145,3,1,1,0,0,0,0.4460832999999999,15.747800000001009,b1.?,?
145,4,1,1,0,0,1,0.286425,16.19388330000038,b1.\,\
145,5,2,6,0,0,1,0.3145691,19.70390000000043,g1.?,?
145,6,1,5,2,0,1,0.7273170999999999,19.9416999999994,f3.?,?
145,7,2,1,0,0,0,0.1874489,23.679900000001,b1.?,?
145,8,2,0,0,0,1,0.1232434,23.867348899999342,a1.?,?
145,9,1,1,0,0,1,0.441275,24.161599999999453,b1.?,?
145,10,1,0,0,0,1,0.2898083,24.60287499999868,a1.?,?
145,11,2,6,0,0,1,0.2991995,27.79449999999997,g1.?,?
145,12,1,1,1,0,1,0.4543165999999999,28.068100000000413,b2.?,?
145,13,1,0,0,0,1,0.2881584,28.522416600000724,a1.?,?
145,14,2,6,0,0,1,0.3221305,31.88040000000001,g1./,/
145,15,1,1,1,0,1,0.453575,32.12590000000091,b2.?,?
145,16,1,1,0,0,1,0.2876833,32.57947500000046,b1.?,?
145,17,2,0,0,0,0,0.1815917,36.335800000000745,a1.?,?
145,18,2,1,0,0,0,0.1341583,36.5173917000011,b1.?,?
145,19,2,6,0,0,0,0.3051166999999999,40.811100000000806,g1.?,?
146,0,2,6,0,0,0,0.3340936,0.0,g1.?,?
147,0,1,5,4,0,1,1.4187186,0.0,f5.?,?
147,1,2,5,4,0,1,1.2564395,1.1076000000011843,f5.?,?
147,2,1,5,4,0,0,1.4175833,4.120100000000093,f5.=,=
147,3,1,5,4,0,1,1.3804084,8.13299999999981,f5.\,\
147,4,2,5,4,0,1,1.2620331,8.623900000000503,f5.=,=
147,5,1,5,4,1,1,1.4151532,12.032500000001164,f5*/,/
147,6,2,4,2,0,1,0.7820357,13.50291340000149,e3.?,?
147,7,1,5,4,1,1,1.4123082999999998,16.32459999999992,f5*=,=
147,8,2,4,2,0,1,0.77857,17.638146700001016,e3.=,=
147,9,1,5,4,0,1,1.3934416,20.16680000000088,f5.=,=
147,10,2,5,4,0,1,1.212057,20.615300000001294,f5.?,?
147,11,1,5,4,0,1,1.39545,24.10690000000068,f5.=,=
147,12,2,5,4,0,1,1.2285241,24.827100000000428,f5.=,=
147,13,1,5,4,1,1,1.408525,27.777500000000146,f5*=,=
147,14,2,4,2,0,1,0.7197839,29.037871200000158,e3.?,?
147,15,1,5,4,0,1,1.389875,31.533500000001368,f5.=,=
147,16,2,5,4,0,1,1.2197844,32.92340000000149,f5.?,?
147,17,1,5,4,0,1,1.4082833,35.46850000000086,f5.=,=
147,18,2,5,4,0,0,1.2695,39.92710000000079,f5./,/
148,0,2,0,2,0,0,0.9010333,0.0,a3.?,?
148,1,2,1,0,0,0,0.2647916999999999,0.901033300000563,b1.?,?
148,2,2,1,0,0,1,0.4062333,1.1658250000000407,b1./,/
148,3,3,2,4,0,1,1.1327917,4.923600000000079,c5.?,?
148,4,2,0,2,0,1,0.8552551,5.469699999999648,a3.?,?
148,5,3,3,1,0,1,0.5286935,6.056391699999949,d2.?,?
148,6,2,1,0,0,1,0.2098025,6.324955100000807,b1.?,?
148,7,2,1,0,1,1,0.3778587,6.534757600000376,b1*/,/
148,8,3,2,3,0,1,1.0383833,10.093800000000556,c4.?,?
148,9,2,0,2,0,1,0.8209484,10.515999999999622,a3.?,?
148,10,3,3,1,0,1,0.4837249999999999,11.13218330000018,d2.?,?
148,11,2,1,0,0,1,0.2295983999999999,11.336948399999528,b1.?,?
148,12,2,1,0,1,1,0.3858848,11.566546800000651,b1*/,/
148,13,1,5,4,0,1,1.1636603,21.709000000000746,f5.?,?
148,14,2,14,2,0,1,0.6886945,21.95780000000013,o3.?,?
148,15,2,1,0,0,1,0.2167408,22.6464945000007,b1.?,?
148,16,1,5,4,0,0,1.1683333,29.00669999999991,f5.=,=
149,0,1,6,0,0,1,0.305075,0.0,g1.?,?
149,1,2,6,0,0,1,0.309646,0.1117000000000132,g1.?,?
149,2,1,6,0,0,1,0.3006584,4.694199999999995,g1.=,=
149,3,2,6,0,0,0,0.3068381,5.236400000000003,g1.=,=
149,4,2,6,0,0,1,0.3175329,9.653199999999998,g1.=,=
149,5,1,5,2,0,1,0.6831499999999999,9.731799999999993,f3.?,?
149,6,2,3,0,1,1,0.2561039,14.206800000000015,d1*?,?
149,7,1,2,1,0,1,0.4997667,14.594875000000002,c2.?,?
149,8,2,6,0,0,1,0.3096708999999999,18.399200000000008,g1.?,?
149,9,1,1,0,0,1,0.4404667,18.50890000000001,b1.?,?
149,10,1,0,0,0,0,0.2876666,18.949366700000013,a1.?,?
149,11,1,1,0,1,1,0.444278,22.352900000000005,b1*?,?
149,12,1,0,0,0,1,0.288532,22.797178,a1.?,?
149,13,2,2,1,0,1,0.5292319,22.915947399999997,c2.?,?
149,14,1,1,1,0,0,0.4513084,26.368799999999997,b2.?,?
149,15,1,0,0,0,0,0.28895,26.82010839999998,a1.?,?
149,16,1,1,1,0,0,0.4518833,31.2131,b2.?,?
149,17,1,0,0,0,0,0.2869167,31.66498329999999,a1.?,?
149,18,1,1,0,0,0,0.4423834,35.58330000000001,b1.?,?
149,19,1,0,0,0,1,0.2759749999999999,36.02568340000002,a1.?,?
149,20,2,6,0,0,1,0.3141753,36.71940000000001,g1.?,?
149,21,1,5,2,0,1,0.7383082999999999,40.2432,f3.?,?
149,22,2,6,0,0,1,0.3243484,40.84450000000001,g1.=,=
149,23,1,1,0,0,1,0.447675,44.5026,b1.?,?
149,24,2,6,0,0,1,0.3278805999999999,44.84960000000001,g1.=,=
149,25,1,0,0,0,1,0.2869083,44.950275000000005,a1.?,?
149,26,1,1,0,0,1,0.4442334,49.170000000000016,b1.?,?
149,27,2,6,0,0,1,0.3166036,49.44999999999999,g1.=,=
149,28,1,1,0,0,1,0.2783083,49.61423339999999,b1.\,\
149,29,2,6,0,0,1,0.3194618,53.721900000000005,g1.=,=
149,30,1,1,0,0,1,0.432925,53.74090000000001,b1./,/
149,31,1,0,0,0,1,0.284725,54.173825,a1.?,?
149,32,3,6,0,0,1,0.310925,58.43020000000001,g1.?,?
149,33,2,6,0,0,1,0.3168738,63.0531,g1.=,=
149,34,1,6,0,0,1,0.2999083,63.38810000000001,g1.?,?
149,35,2,6,0,0,1,0.3130794,67.96039999999999,g1.=,=
149,36,1,6,0,0,1,0.2997039999999999,67.99279999999999,g1.=,=
149,37,2,6,0,0,1,0.3204871,72.36670000000001,g1.=,=
149,38,1,6,0,0,1,0.2994295999999999,72.5342,g1.=,=
149,39,2,6,0,0,0,0.3085249,76.8032,g1.=,=
149,40,2,6,0,0,0,0.3062916,81.1483,g1.=,=
150,0,1,6,0,0,1,0.3238936,0.0,g1.?,?
150,1,2,6,0,0,1,0.313656,1.3497999999999877,g1.?,?
150,2,1,6,0,0,1,0.3175083,4.312899999999985,g1.=,=
150,3,2,3,0,1,0,0.2488334,6.44289999999998,d1*?,?
150,4,2,6,0,0,0,0.3185334,11.111199999999997,g1.?,?
150,5,2,6,0,0,0,0.3128667,16.545499999999976,g1.=,=
150,6,2,3,0,1,0,0.2523833,21.456999999999997,d1*?,?
150,7,2,6,0,0,0,0.311608,26.27819999999997,g1.?,?
151,0,2,8,0,0,0,0.2442666,0.0,i1.?,?
151,1,2,1,0,0,1,0.0961916999999999,0.2442666000000031,b1.?,?
151,2,3,8,0,0,1,0.2326917,0.5092999999999961,i1.?,?
151,3,3,3,0,0,1,0.1325083,0.7419916999999998,d1.?,?
151,4,2,8,0,0,0,0.2194083,3.9916999999999945,i1.?,?
151,5,2,3,0,0,0,0.1279516,4.211108300000007,d1.?,?
151,6,2,1,0,0,0,0.189526,7.915099999999995,b1.?,?
151,7,2,0,0,1,1,0.1277795,8.104625999999996,a1*?,?
151,8,3,2,0,1,0,0.2219915999999999,12.206641700000006,c1*?,?
151,9,3,6,0,0,1,0.3124,16.311891599999996,g1.?,?
151,10,2,13,0,1,1,0.34885,17.026700000000005,n1*?,?
151,11,3,2,0,1,1,0.2239,20.53779160000001,c1*?,?
151,12,2,8,0,1,1,0.25545,21.468400000000003,i1*?,?
151,13,3,2,0,1,1,0.2148584,24.814400000000006,c1*=,=
151,14,2,8,0,0,0,0.25955,25.4228083,i1.=,=
152,0,3,5,4,0,1,1.1458971,0.0,f5.?,?
152,1,2,5,4,0,0,1.1290917,7.864700000000084,f5.?,?
152,2,2,5,3,0,1,1.0294666,10.197400000000926,f4.?,?
152,3,3,1,0,0,1,0.1504619999999999,15.43499999999949,b1.?,?
152,4,2,5,3,0,1,1.011325,17.18369999999959,f4.=,=
152,5,1,11,0,0,1,0.2838084,17.249100000000908,l1.?,?
152,6,1,8,0,0,0,0.1972749999999999,17.53290840000045,i1.?,?
152,7,1,3,0,0,0,0.1381666,17.730183400000897,d1.?,?
152,8,1,1,0,1,0,0.1567834,17.868350000000646,b1*?,?
152,9,1,1,0,0,0,0.0631584,20.612600000000384,b1.\,\
152,10,1,1,0,0,0,0.088225,20.675758400000632,b1./,/
152,11,1,0,0,0,1,0.0934583,20.763983400000143,a1.?,?
152,12,2,5,3,0,1,0.9588667,20.791699999999764,f4.\,\
152,13,1,1,0,0,1,0.0826083,20.85744169999998,b1.?,?
152,14,1,1,0,0,0,0.0801084,20.940050000001065,b1.=,=
152,15,1,1,0,0,0,0.0870902,21.020158400000582,b1.=,=
152,16,1,1,0,0,0,0.0821681,21.107248600001185,b1.=,=
152,17,1,1,0,0,0,0.1307583,21.189416700000947,b1./,/
152,18,1,1,0,0,0,0.2413834,21.320175000000745,b1./,/
152,19,1,5,2,1,1,0.8684333,24.123900000000503,f3*?,?
152,20,1,5,3,0,1,0.9778728,27.77729999999974,f4.?,?
152,21,2,0,1,0,1,0.457839,28.021014300000388,a2.?,?
152,22,1,5,2,0,1,0.8301261,31.252300000000105,f3.?,?
152,23,2,5,3,0,1,0.9435781,31.252300000000105,f4.?,?
152,24,2,5,2,0,1,0.9218497,34.66680000000088,f3.?,?
152,25,1,5,2,0,0,0.814326,34.99780000000101,f3.=,=
152,26,1,5,2,1,1,0.8012166999999999,38.481700000000274,f3*=,=
152,27,2,8,2,0,1,0.7613078,41.98111679999965,i3.?,?
152,28,1,5,2,1,1,0.7796557,41.9997999999996,f3*\,\
152,29,1,5,2,0,1,0.7907666,45.050100000000384,f3.=,=
152,30,2,8,2,1,0,0.795027,45.54750000000058,i3*/,/
152,31,2,3,1,0,1,0.4833091,46.49367530000018,d2.?,?
152,32,1,5,2,0,1,0.7599333000000001,49.09310000000005,f3.\,\
152,33,2,2,1,0,1,0.5943763,53.11000000000058,c2.?,?
152,34,1,5,2,0,1,0.7598417000000001,53.41020000000026,f3.=,=
152,35,2,3,1,1,1,0.4657161999999999,53.70437630000015,d2*?,?
152,36,2,2,1,0,1,0.5966889,56.73270000000048,c2.?,?
152,37,1,2,1,0,1,0.5359417,56.7934333000012,c2.?,?
152,38,2,3,1,1,0,0.4575953,57.329388899999685,d2*?,?
152,39,1,5,2,0,1,0.7832083000000001,60.31580000000031,f3.?,?
152,40,2,10,4,0,1,1.1898631000000002,63.85940000000119,k5.?,?
152,41,1,5,2,1,1,0.7492084000000001,64.30010000000038,f3*\,\
152,42,1,5,2,0,0,0.7906584000000001,69.23370000000068,f3./,/
152,43,1,5,2,0,1,0.765075,72.79540000000088,f3.\,\
152,44,2,12,4,1,1,1.2285651,72.79540000000088,m5*?,?
152,45,1,1,1,0,0,0.4740334,75.91990000000078,b2.?,?
152,46,1,0,0,0,0,0.3076166,76.3939334000006,a1.?,?
152,47,1,5,2,1,1,0.768474,80.89140000000043,f3*?,?
152,48,2,11,3,0,0,1.0241292,81.38656900000024,l4.?,?
152,49,2,12,4,0,1,1.2404648,84.82700000000114,m5.?,?
152,50,1,5,2,0,0,0.7639583000000001,85.28260000000046,f3.=,=
152,51,1,5,2,0,1,0.7959417,89.19130000000041,f3./,/
152,52,2,12,4,0,1,1.2857500000000002,92.29659999999969,m5./,/
152,53,1,5,2,0,0,0.8056583,94.6913999999997,f3.=,=
152,54,1,5,2,0,1,0.8082582999999999,99.22940000000015,f3.=,=
152,55,2,2,2,0,0,0.6106795,99.69670000000042,c3.?,?
152,56,2,3,1,0,1,0.4634382999999999,100.30737950000002,d2.?,?
152,57,1,5,2,0,1,0.8132999999999999,104.44989999999962,f3.=,=
152,58,2,2,2,0,0,0.63,107.06940000000031,c3.?,?
152,59,2,3,1,1,0,0.457825,107.69939999999951,d2*?,?
152,60,1,5,2,1,1,0.8376999999999999,109.83669999999984,f3*/,/
152,61,2,8,2,1,0,0.75205,115.67881669999952,i3*?,?
152,62,1,5,2,0,1,0.85555,117.14540000000125,f3.=,=
152,63,2,12,4,0,1,1.2806167,120.85499999999956,m5.?,?
152,64,1,8,0,0,0,0.2210917,126.39130000000114,i1.?,?
152,65,1,8,0,0,0,0.2054416,126.61239170000044,i1.=,=
152,66,1,3,0,0,0,0.12875,126.81783329999962,d1.?,?
152,67,1,3,0,1,0,0.322675,126.94658329999947,d1*/,/
153,0,2,5,4,0,0,1.3779,0.0,f5.?,?
153,1,2,5,4,0,1,1.3756167,4.3637999999991735,f5.=,=
153,2,3,5,4,0,1,1.3412584,8.34400000000096,f5.?,?
153,3,2,5,4,0,1,1.3589508,8.41820000000007,f5.=,=
153,4,2,5,4,0,0,1.3669083999999998,12.462200000001758,f5.=,=
153,5,2,5,4,0,0,1.38525,16.56460000000152,f5.=,=
153,6,2,5,4,0,0,1.3218833,21.054299999999785,f5.\,\
153,7,2,5,4,0,0,1.3217167,25.339500000001863,f5.=,=
153,8,2,5,4,0,0,1.3160166999999998,29.904099999999744,f5.=,=
153,9,2,5,4,0,0,1.2824833,34.59100000000035,f5.\,\
153,10,2,5,4,0,0,1.2881999999999998,38.9239000000016,f5.=,=
153,11,2,5,4,0,0,1.2742582999999998,43.13240000000224,f5.=,=
153,12,2,5,4,0,0,1.2982084,47.46099999999933,f5./,/
153,13,2,5,4,0,0,1.2977289,51.190200000000914,f5.=,=
153,14,2,5,4,0,1,1.3169834,59.38839999999982,f5./,/
153,15,3,5,4,0,1,1.408475,66.5650999999998,f5./,/
153,16,2,5,4,0,1,1.2940212,71.13820000000123,f5.\,\
153,17,3,5,4,0,1,1.401385,71.13820000000123,f5.=,=
153,18,2,5,4,0,1,1.2852436,74.85989999999947,f5.=,=
153,19,3,5,4,0,1,1.3626674,75.3791999999994,f5.\,\
153,20,2,5,4,0,1,1.2662759,79.07550000000265,f5.=,=
153,21,3,5,4,0,1,1.383034,79.27080000000205,f5./,/
153,22,2,5,4,0,1,1.2768244000000002,83.29360000000088,f5.=,=
153,23,3,5,4,0,1,1.3467232,83.53000000000247,f5.\,\
153,24,2,5,4,0,1,1.3560833,92.40769999999976,f5./,/
153,25,3,5,4,0,0,1.3576084,96.23300000000016,f5.=,=
153,26,3,5,4,0,1,1.3759654,100.52189999999972,f5.=,=
153,27,2,5,4,0,1,1.2423349,101.49569999999947,f5.\,\
153,28,3,5,4,0,1,1.3794179999999998,104.84870000000228,f5.=,=
153,29,2,5,4,0,1,1.2596183,107.22999999999956,f5.=,=
153,30,3,5,4,0,1,1.4149031,110.42160000000148,f5./,/
153,31,2,5,4,0,1,1.2806325,111.3678,f5./,/
153,32,3,5,4,0,1,1.3434949,115.40860000000248,f5.\,\
153,33,2,5,4,0,1,1.2367657,116.18119999999908,f5.\,\
153,34,3,5,4,0,1,1.2491341,120.82800000000134,f5.\,\
153,35,2,5,4,0,0,1.319,128.83260000000155,f5./,/
153,36,2,5,4,0,0,1.347575,133.34519999999975,f5./,/
153,37,2,5,4,0,1,1.3469833999999998,137.87850000000253,f5.=,=
153,38,3,5,4,0,1,1.3207924,140.60310000000027,f5./,/
153,39,2,5,4,0,1,1.3134689,141.9239000000016,f5.\,\
153,40,3,5,4,0,1,1.3241784,145.08079999999973,f5.=,=
153,41,2,5,4,0,1,1.2880285,145.83780000000115,f5.\,\
153,42,3,5,4,0,1,1.2126503,150.4909000000007,f5.\,\
153,43,2,5,4,0,1,1.2406292,154.79969999999958,f5.\,\
153,44,3,5,4,0,1,1.1621872000000002,154.90300000000207,f5.\,\
153,45,2,5,4,0,1,1.2537817,159.01759999999922,f5.=,=
153,46,3,5,4,0,1,1.1875911,159.16719999999987,f5./,/
153,47,2,5,4,0,1,1.2602102,163.34860000000117,f5.=,=
153,48,3,5,4,0,1,1.1914174,163.4268000000011,f5.=,=
153,49,2,5,4,0,1,1.2367464,167.2331000000013,f5.\,\
153,50,3,5,4,0,1,1.1822317,167.4966999999997,f5.=,=
153,51,3,5,4,0,0,1.1942862,171.5518000000011,f5.=,=
153,52,3,5,4,0,0,1.2299142,175.737000000001,f5./,/
153,53,3,5,4,0,0,1.2511417,179.8032000000021,f5./,/
153,54,3,5,4,0,1,1.2969167,184.07210000000123,f5./,/
153,55,1,8,0,0,0,0.2480916,713.5938999999998,i1.?,?
153,56,1,1,0,0,0,0.0973917,713.8419916000021,b1.?,?
153,57,1,6,0,0,0,0.2168833999999999,718.6566000000021,g1.?,?
153,58,1,3,0,0,0,0.1549333,718.8734834000024,d1.?,?
153,59,1,1,0,0,0,0.1849833,723.5403000000006,b1.?,?
153,60,1,0,0,0,1,0.1285416999999999,723.725283300002,a1.?,?
153,61,2,5,2,0,1,0.7801331,723.8634999999995,f3.?,?
153,62,1,3,0,1,0,0.2552667,727.9102000000021,d1*?,?
153,63,2,5,2,0,1,0.8024833,728.7675999999992,f3./,/
153,64,1,3,0,0,0,0.264825,732.119200000001,d1.=,=
153,65,1,1,0,1,0,0.1212583,732.3840249999994,b1*?,?
153,66,1,6,0,0,1,0.2682083,736.879708299999,g1.?,?
153,67,2,5,2,0,1,0.790416,756.9431000000004,f3.=,=
153,68,1,9,0,0,1,0.4215019,757.4505000000026,j1.?,?
153,69,2,5,2,0,1,0.7212899,761.9321000000018,f3.\,\
153,70,1,5,2,0,1,0.6940583000000001,762.0129000000015,f3.?,?
153,71,1,5,2,0,1,0.6987031,766.2557000000015,f3.=,=
153,72,2,5,2,0,1,0.7424465,766.4802000000018,f3./,/
153,73,2,1,1,0,1,0.4628536,771.078300000001,b2.?,?
153,74,2,1,0,0,1,0.2950219,771.5411535999992,b1.?,?
153,75,1,1,0,0,0,0.4427395,774.7476000000024,b1.?,?
153,76,1,0,0,0,1,0.2800739,775.1903395000008,a1.?,?
153,77,2,5,2,0,1,0.7827077,775.2679000000026,f3.?,?
154,0,1,6,0,0,0,0.3151416999999999,0.0,g1.?,?
154,1,1,6,0,0,0,0.309175,9.167899999998554,g1.=,=
154,2,1,6,0,0,0,0.3208083,13.697399999999108,g1.=,=
154,3,1,6,0,0,0,0.3119667,18.424799999998868,g1.=,=
154,4,1,6,0,0,0,0.3283,22.28969999999936,g1.=,=
154,5,1,6,0,0,0,0.3396666,26.798499999998967,g1.=,=
154,6,1,6,0,0,0,0.3246333,32.45859999999993,g1.=,=
155,0,1,3,4,0,0,1.4353083,0.0,d5.?,?
156,0,1,13,0,1,0,0.321475,0.0,n1*?,?
156,1,1,11,0,1,0,0.2999572,5.173600000000079,l1*?,?
156,2,2,15,0,0,1,0.3407558,8.723700000000463,p1.?,?
156,3,1,15,0,0,1,0.4029986,9.53020000000106,p1.?,?
156,4,2,11,0,1,0,0.3591001,10.427499999999782,l1*?,?
156,5,2,9,0,0,1,0.3212739,11.327144599999883,j1.?,?
156,6,1,17,0,0,0,0.4446583,13.283699999999952,r1.?,?
156,7,1,3,0,0,0,0.1135916999999999,18.048899999999776,d1.?,?
156,8,1,2,0,0,0,0.11965,18.162491700000828,c1.?,?
156,9,1,1,0,0,1,0.1234,18.28214169999956,b1.?,?
156,10,2,6,0,0,1,0.3270856,18.560600000000704,g1.?,?
156,11,1,8,0,0,0,0.2453999999999999,22.46600000000035,i1.?,?
156,12,1,3,0,0,1,0.1542666999999999,22.71140000000014,d1.?,?
156,13,2,6,0,0,1,0.2979794,22.84530000000086,g1.\,\
156,14,1,15,0,1,0,0.3560166999999999,26.522399999999838,p1*?,?
156,15,2,3,0,0,1,0.2145743,26.95720000000074,d1.?,?
156,16,1,11,0,0,1,0.3284,30.340000000000146,l1.?,?
156,17,2,8,0,0,0,0.4309804,30.83259999999973,i1.?,?
156,18,2,6,0,0,0,0.3132334,34.849200000000565,g1.?,?
156,19,2,6,0,0,1,0.2778718,38.95989999999984,g1.\,\
156,20,1,3,2,1,1,0.9275084,42.6893,d3*?,?
156,21,2,6,0,0,1,0.2781135,42.95575860000099,g1.=,=
156,22,1,3,2,0,0,0.8904166,46.85180000000037,d3.\,\
156,23,1,3,2,0,0,0.8458416999999999,51.57330000000002,d3.\,\
156,24,1,3,2,0,0,0.7847500000000001,58.36959999999999,d3.\,\
156,25,1,3,2,1,1,0.7779417,62.97930000000088,d3*=,=
156,26,2,3,0,0,0,0.2287835999999999,63.49758939999992,d1.?,?
156,27,2,5,2,0,1,0.7284525999999999,66.38580000000002,f3.?,?
156,28,1,3,2,1,1,0.7663,66.64140000000043,d3*=,=
156,29,1,3,2,1,1,0.783075,69.63140000000021,d3*=,=
156,30,2,3,1,1,0,0.5937059,69.63432640000065,d2*?,?
156,31,2,6,2,0,0,0.6996,73.37900000000081,g3.?,?
156,32,2,5,2,0,0,0.7414833000000001,76.91150000000016,f3.?,?
156,33,2,1,1,0,0,0.485625,81.060300000001,b2.?,?
156,34,2,1,0,1,1,0.3077,81.54592500000035,b1*?,?
156,35,3,8,0,0,0,0.314129,85.61093609999989,i1.?,?
156,36,3,6,0,0,0,0.3125814,89.81550000000061,g1.?,?
156,37,3,6,0,0,1,0.3198903,94.07279999999992,g1.=,=
156,38,4,8,0,1,1,0.2318149,94.27050000000054,i1*?,?
156,39,4,1,0,0,1,0.0975906,94.50231490000078,b1.?,?
156,40,4,6,0,0,0,0.317525,98.22310000000108,g1.?,?
156,41,4,6,0,1,1,0.3063706,103.8189999999995,g1*=,=
156,42,3,11,0,0,0,0.299845,104.07531650000055,l1.?,?
157,0,1,3,4,0,0,1.291125,0.0,d5.?,?
157,1,1,3,4,0,0,1.1979666,8.510200000000623,d5.\,\
158,0,1,3,4,0,1,1.3189334,0.0,d5.?,?
158,1,2,3,4,0,0,1.2965414,7.184499999999389,d5.?,?
158,2,2,3,4,0,0,1.2722801,12.246699999999691,d5.\,\
158,3,2,3,4,0,1,1.2521333,17.166300000000774,d5.=,=
158,4,3,5,4,0,1,1.2208273,18.789700000001176,f5.?,?
158,5,2,3,4,0,1,1.2208750000000002,23.0089999999982,d5.\,\
158,6,3,1,2,0,0,0.8351569,24.01580000000104,b3.?,?
158,7,3,1,0,0,1,0.3001271,24.850956899997986,b1.?,?
158,8,2,3,4,1,1,1.1768167,27.71429999999964,d5*\,\
158,9,3,4,2,0,1,0.7154352,28.821181100000103,e3.?,?
158,10,2,3,4,1,1,1.098975,31.567399999999907,d5*\,\
158,11,3,4,2,0,1,0.6769822000000001,32.36026639999909,e3.\,\
158,12,2,3,3,0,1,0.9640028,33.810199999999895,d4.?,?
158,13,3,5,2,0,1,0.8717,34.09379999999874,f3.?,?
159,0,2,5,4,0,0,1.4629097999999998,0.0,f5.?,?
159,1,2,5,4,0,0,1.4350199,4.098799999999756,f5.\,\
159,2,2,5,4,0,0,1.4474,8.143299999999726,f5.=,=
159,3,2,5,4,0,0,1.41395,12.411000000000058,f5.\,\
160,0,1,2,3,0,0,0.9692794,0.0,c4.?,?
160,1,1,5,4,0,0,1.3695083,4.47780000000057,f5.?,?
160,2,1,5,4,0,0,1.3552619,14.34450000000288,f5.=,=
160,3,1,5,4,0,0,1.3196939,18.678900000002614,f5.\,\
160,4,1,5,4,1,0,1.29595,23.938700000002427,f5*\,\
160,5,1,1,0,1,0,0.3559582999999999,32.74989170000117,b1*?,?
160,6,1,2,2,1,0,0.6540333,37.20251670000289,c3*?,?
160,7,2,2,3,0,0,0.9577389,48.13770000000295,c4.?,?
160,8,2,3,0,0,0,0.391825,49.09543889999986,d1.?,?
160,9,2,1,0,0,1,0.3570917,49.48726390000229,b1.?,?
160,10,1,3,4,0,1,1.137375,52.84500000000117,d5.?,?
160,11,2,2,2,0,1,0.917075,52.931900000003225,c3.?,?
160,12,2,3,0,0,0,0.3461832999999999,53.84897500000443,d1.?,?
160,13,2,1,0,0,0,0.2833417,54.19515830000455,b1.?,?
160,14,2,3,4,0,1,1.1313223,60.48360000000321,d5.?,?
160,15,1,5,4,0,1,1.1109667,60.65030000000115,f5.?,?
160,16,2,3,4,0,1,1.1274667,67.08070000000225,d5.=,=
160,17,1,5,4,0,1,1.1351917,67.20260000000053,f5./,/
160,18,1,5,4,0,0,1.1714,71.70660000000134,f5./,/
160,19,1,3,4,0,0,1.1274417,75.76890000000276,d5.?,?
160,20,1,5,4,0,0,1.1556334,79.9767000000029,f5.?,?
160,21,1,3,4,1,1,1.125195,84.77470000000176,d5*?,?
160,22,2,8,0,0,0,0.2238,85.00092500000028,i1.?,?
160,23,2,8,0,0,0,0.1988832999999999,85.22472500000003,i1.\,\
160,24,2,8,0,0,0,0.1959667,85.42360830000325,i1.=,=
160,25,2,1,0,0,0,0.1048,85.61957500000426,b1.?,?
160,26,2,1,0,0,0,0.1728977,85.7243750000016,b1./,/
160,27,2,1,0,0,1,0.3525773,85.89727270000003,b1./,/
160,28,1,3,4,1,1,1.1164636,92.82270000000062,d5*=,=
160,29,2,8,0,0,0,0.2253167,93.25853330000244,i1.?,?
160,30,2,8,0,0,0,0.1885916,93.48385000000415,i1.\,\
160,31,2,9,0,0,0,0.2008,93.67244160000337,j1.?,?
160,32,2,3,0,0,0,0.2106584,93.87324160000207,d1.?,?
160,33,2,1,0,1,0,0.2438833,94.08390000000144,b1*?,?
160,34,2,8,0,0,0,0.2256583999999999,101.19115000000238,i1.?,?
160,35,2,8,0,0,0,0.2048333,101.41680840000116,i1.=,=
160,36,2,9,0,0,0,0.2027999999999999,101.62164170000324,j1.?,?
160,37,2,3,0,0,1,0.1648839,101.82444170000235,d1.?,?
160,38,1,3,4,0,1,1.1598084,101.9835000000021,d5./,/
160,39,2,1,0,0,1,0.1676411,101.9893256000032,b1.?,?
160,40,2,1,0,0,1,0.3569417,102.15696670000034,b1./,/
160,41,1,3,4,1,1,1.1430333,109.7419000000009,d5*=,=
160,42,2,8,0,0,0,0.21873,110.22581170000194,i1.?,?
160,43,2,8,0,0,0,0.2010417,110.44454170000245,i1.=,=
160,44,2,8,0,0,0,0.196,110.64558340000076,i1.=,=
160,45,2,1,0,0,0,0.0777409,116.45200000000114,b1.?,?
160,46,2,1,0,0,0,0.1094754,116.52974090000134,b1./,/
160,47,2,1,0,0,0,0.0835542,116.63921630000186,b1.\,\
160,48,2,1,0,0,0,0.0816206999999999,116.72277050000048,b1.=,=
160,49,2,1,0,0,0,0.0776758,116.804391200003,b1.=,=
160,50,2,1,0,0,0,0.0756459,116.88206700000228,b1.=,=
160,51,2,1,0,0,0,0.0778492,116.95771290000266,b1.=,=
160,52,2,1,0,0,0,0.0868108,117.0355621000017,b1.=,=
160,53,2,1,0,0,0,0.1244953,117.1223729000012,b1./,/
160,54,2,1,0,1,0,0.2204977,117.24686819999988,b1*/,/
160,55,2,8,0,0,0,0.223253,123.09497060000284,i1.?,?
160,56,2,8,0,0,0,0.2073606,123.31822360000297,i1.=,=
160,57,2,8,0,0,0,0.2057348,123.5255842000006,i1.=,=
160,58,2,1,0,0,0,0.1069063,123.73131900000226,b1.?,?
160,59,2,1,0,0,0,0.1612385,123.8382253000018,b1./,/
160,60,2,1,0,1,0,0.3382237999999999,123.99946380000256,b1*/,/
160,61,2,8,0,0,0,0.2217059,128.38518420000037,i1.?,?
160,62,2,8,0,0,0,0.2098299,128.60689009999987,i1.=,=
160,63,2,8,0,0,0,0.2029499,128.81672000000253,i1.=,=
160,64,2,1,0,0,0,0.0979218,129.01966990000074,b1.?,?
160,65,2,1,0,0,0,0.1498427,129.11759170000005,b1./,/
160,66,2,1,0,0,1,0.2543091,129.26743440000064,b1./,/
160,67,1,5,4,0,0,1.1213667,137.27550000000338,f5.?,?
161,0,1,13,0,0,0,0.4339012,0.0,n1.?,?
161,1,1,0,0,1,0,0.1703638,0.4339011999982176,a1*?,?
161,2,1,5,0,0,1,0.3248597,5.263299999998708,f1.?,?
161,3,2,8,0,1,0,0.2500322,6.3171000000002095,i1*?,?
161,4,3,6,0,0,1,0.3045609999999999,13.74079999999958,g1.?,?
161,5,4,11,0,0,1,0.4271049,13.95969999999943,l1.?,?
161,6,2,11,0,0,1,0.3510353,18.97190000000046,l1.?,?
161,7,1,6,0,0,1,0.288506,19.417900000000373,g1.?,?
161,8,2,1,0,0,0,0.0785985,27.946899999999005,b1.?,?
161,9,2,1,0,0,0,0.1096791,28.02549849999923,b1./,/
161,10,2,1,0,0,1,0.1314505,28.135177600001043,b1./,/
161,11,1,6,0,0,1,0.3129689,32.179400000000896,g1./,/
161,12,2,11,0,0,0,0.2733918,32.6288999999997,l1.?,?
161,13,2,1,0,0,1,0.1633152,32.90229180000097,b1.?,?
161,14,1,3,0,1,0,0.2589116,36.28729999999996,d1*?,?
161,15,2,11,0,0,1,0.2727639,36.763105100002576,l1.?,?
161,16,1,6,0,0,0,0.3273466,40.08469999999943,g1.?,?
162,0,1,6,4,1,1,1.3675153,0.0,g5*?,?
162,1,2,15,2,0,1,0.7534219,0.9609848999971292,p3.?,?
162,2,1,3,3,1,1,1.0628417,5.053599999999278,d4*?,?
162,3,2,3,0,1,0,0.2349151,5.175080599998182,d1*?,?
162,4,2,3,0,0,0,0.2396015999999999,5.413995699997031,d1.=,=
162,5,2,3,0,0,0,0.2400833,5.653597299999092,d1.=,=
162,6,2,1,0,0,0,0.205875,5.8936805999983335,b1.?,?
162,7,2,9,0,0,1,0.2354916,10.187899999997173,j1.?,?
162,8,1,3,3,0,1,1.0360334,11.24829999999929,d4.\,\
162,9,2,5,3,0,1,1.0151244,13.582699999999022,f4.?,?
162,10,1,3,3,0,0,0.9952309,14.492599999997765,d4.\,\
162,11,1,3,3,0,1,1.0461902,18.33419999999751,d4./,/
162,12,2,5,3,0,1,0.9937732,18.396300000000338,f4.=,=
162,13,2,5,3,0,1,1.0510916,21.999799999997776,f4./,/
162,14,1,3,3,0,1,1.0249117,26.730999999999767,d4.=,=
162,15,2,8,0,0,1,0.3983216,26.944799999997485,i1.?,?
162,16,2,8,0,0,0,0.4399385,27.343121599998994,i1./,/
162,17,2,1,0,0,0,0.2018982,27.783060099998693,b1.?,?
162,18,2,14,2,0,1,0.6725942,35.43789999999717,o3.?,?
162,19,1,3,3,1,1,1.0348282,35.45060000000012,d4*=,=
162,20,2,1,0,0,1,0.2212846,36.20098130000042,b1.?,?
162,21,1,5,3,0,1,1.0387248,43.66169999999693,f4.?,?
162,22,2,1,2,0,1,0.7512487999999999,44.38199999999779,b3.?,?
162,23,1,5,4,0,1,1.1289154,52.31749999999738,f5.?,?
162,24,2,3,4,0,1,1.0897845,52.73699999999735,d5.?,?
162,25,1,3,3,0,1,1.0747273,62.64519999999902,d4.?,?
162,26,2,11,1,0,1,0.4640833,62.78819999999905,l2.?,?
162,27,2,3,0,0,0,0.2540084,63.25228330000027,d1.?,?
162,28,2,8,0,0,0,0.3696916,66.93739999999889,i1.?,?
162,29,2,8,0,0,0,0.4149083999999999,67.3070915999997,i1./,/
162,30,2,1,0,0,0,0.188375,67.72199999999793,b1.?,?
162,31,2,13,1,0,1,0.5541667,71.65239999999903,n2.?,?
162,32,1,3,3,0,1,1.041175,71.67679999999746,d4.\,\
162,33,2,3,0,1,0,0.2534832999999999,72.2065666999988,d1*?,?
162,34,1,5,3,0,1,0.9650085,75.3205999999991,f4.?,?
162,35,2,3,3,0,1,1.0445316999999998,76.03389999999854,d4.?,?
162,36,1,5,3,0,0,0.969575,79.63619999999719,f4.=,=
163,0,2,3,3,1,1,0.9626522,0.0,d4*?,?
163,1,1,8,0,0,0,0.4091781,0.0868249999984982,i1.?,?
163,2,1,8,0,0,0,0.4465792,0.4960031000009621,i1./,/
163,3,1,5,2,0,1,0.8510334000000002,4.100500000000466,f3.?,?
163,4,2,3,2,0,1,0.8894789000000001,4.131199999999808,d3.?,?
163,5,2,3,2,0,1,0.8482559000000001,8.603699999999662,d3.\,\
163,6,1,5,2,0,1,0.8491584,8.76469999999972,f3.=,=
163,7,1,5,2,0,1,0.8205197,12.865399999998772,f3.\,\
163,8,2,3,2,1,1,0.8428146000000001,13.274099999998723,d3*=,=
163,9,2,0,1,0,1,0.5048252,16.32600000000093,a2.?,?
163,10,1,3,2,1,0,0.6508449,16.89419999999882,d3*?,?
163,11,1,0,0,0,0,0.4185916,21.251383399998304,a1.?,?
163,12,1,6,2,0,1,0.8246749999999999,24.14530000000013,g3.?,?
163,13,2,3,2,0,1,0.7735304000000001,24.74209999999948,d3.?,?
163,14,1,5,2,0,1,0.7821499999999999,27.99460000000181,f3.?,?
163,15,2,3,2,0,1,0.8047472999999999,29.230999999999767,d3./,/
163,16,1,1,1,0,1,0.5006938000000001,32.686799999999494,b2.?,?
163,17,2,3,2,0,1,0.8153654,32.99279999999999,d3.=,=
163,18,1,1,0,0,1,0.3151748,33.187493800000084,b1.?,?
163,19,3,3,4,0,0,1.3122478,41.33350000000064,d5.?,?
163,20,3,3,4,0,0,1.2809806,45.60280000000057,d5.\,\
163,21,3,5,4,0,0,1.1864917,50.53410000000076,f5.?,?
163,22,3,5,4,0,0,1.1687416,55.39549999999872,f5.=,=
163,23,3,5,4,0,0,1.2174417000000002,60.570599999999104,f5./,/
164,0,1,3,4,0,0,1.196175,0.0,d5.?,?
164,1,1,3,4,0,0,1.1933816,7.150799999999435,d5.=,=
164,2,1,3,4,0,0,1.1655000000000002,14.98110000000088,d5.\,\
165,0,1,11,0,0,0,0.276175,0.0,l1.?,?
165,1,1,6,0,0,1,0.3003251,4.8507166000017605,g1.?,?
165,2,2,8,0,1,1,0.2664306,4.947816600000806,i1*?,?
165,3,1,6,0,0,1,0.2857117,9.693116600003124,g1.=,=
165,4,2,8,0,0,1,0.2696444,9.864316600000166,i1.=,=
165,5,2,8,0,0,0,0.2360619,14.906316600001446,i1.\,\
165,6,2,1,0,0,1,0.1013708,15.142378500000632,b1.?,?
165,7,1,2,0,0,1,0.2601662999999999,15.165016599999944,c1.?,?
165,8,1,1,0,0,0,0.1496455,15.425182900002255,b1.?,?
165,9,1,6,0,0,1,0.3363752,19.19401660000221,g1.?,?
165,10,3,17,0,0,0,0.3773590999999999,27.43701660000079,r1.?,?
165,11,3,13,0,0,0,0.3114156,35.95561660000021,n1.?,?
166,0,1,3,0,1,0,0.2031333,0.0,d1*?,?
166,1,1,6,0,0,0,0.3092083,5.885399999999208,g1.?,?
166,2,1,6,0,0,0,0.355075,11.90230000000156,g1./,/
166,3,1,3,0,1,0,0.2297499999999999,17.32969999999841,d1*?,?
166,4,1,6,0,0,0,0.3042741,21.5737999999983,g1.?,?
167,0,1,1,1,0,0,0.5236333,0.0,b2.?,?
168,0,1,5,4,0,1,1.4632083,0.0,f5.?,?
168,1,2,5,4,0,1,1.393725,0.2406000000000858,f5.?,?
168,2,1,5,4,0,0,1.42855,3.697900000000118,f5.\,\
168,3,1,5,4,0,1,1.4810083,7.946399999999812,f5./,/
168,4,2,5,4,0,1,1.345975,10.395700000000032,f5.\,\
168,5,1,5,4,0,1,1.4154667,12.492799999999988,f5.\,\
168,6,2,5,4,0,1,1.2997833,14.219300000000205,f5.\,\
168,7,1,5,4,0,1,1.441425,16.61869999999999,f5./,/
168,8,2,5,4,0,1,1.3016667,17.990899999999783,f5.=,=
168,9,1,5,4,0,1,1.427875,20.4983000000002,f5.=,=
168,10,2,5,4,0,1,1.2752750000000002,22.16210000000001,f5.\,\
168,11,1,5,4,0,1,1.3927667,24.48909999999978,f5.\,\
168,12,2,5,4,0,1,1.2806,26.39910000000009,f5.=,=
168,13,1,5,4,1,1,1.4139,29.666600000000017,f5*/,/
168,14,2,4,2,0,1,0.780925,31.224725000000035,e3.?,?
168,15,1,5,4,1,1,1.3830211,33.91100000000006,f5*\,\
168,16,2,4,2,0,1,0.754475,35.12800830000015,e3.\,\
168,17,1,5,4,1,1,1.3399529,37.908600000000206,f5*\,\
168,18,2,4,2,0,1,0.7709832999999999,38.81766669999979,e3.=,=
168,19,1,5,4,0,1,1.3374889,41.885099999999966,f5.=,=
168,20,2,5,4,0,1,1.1946789,42.428699999999935,f5.?,?
168,21,1,5,4,0,1,1.3695667,46.07929999999988,f5./,/
168,22,2,5,4,0,1,1.2064134000000002,47.10030000000006,f5.=,=
168,23,1,5,4,1,1,1.3160387,50.21799999999985,f5*\,\
168,24,2,4,2,0,0,0.7605334,51.21725830000014,e3.?,?
168,25,2,5,4,0,0,1.2432834,54.91159999999991,f5.?,?
168,26,2,5,4,0,0,1.2796334,59.50869999999986,f5./,/
168,27,2,5,4,0,0,1.285975,64.10739999999987,f5.=,=
169,0,1,5,4,1,1,1.4754166000000002,0.0,f5*?,?
169,1,2,4,2,0,1,0.856625,0.8398499999998421,e3.?,?
169,2,1,5,4,1,1,1.4485595,3.9825000000000728,f5*\,\
169,3,2,4,2,0,1,0.8178,4.908708299999944,e3.\,\
169,4,1,5,4,0,0,1.4612916000000002,13.441299999999956,f5.=,=
169,5,1,2,4,0,0,1.144725,17.971399999999903,c5.?,?
169,6,1,1,1,0,0,0.4898834,19.11612500000001,b2.?,?
169,7,1,2,4,1,0,1.1235917,22.98759999999993,c5*?,?
170,0,2,5,3,0,0,0.9797473,0.0,f4.?,?
170,1,2,5,3,0,0,0.9504437,5.780099999999948,f4.\,\
170,2,2,5,3,0,0,0.9754723,11.132900000000518,f4./,/
170,3,2,5,3,0,0,0.9694875,16.636199999999917,f4.=,=
170,4,2,5,3,0,0,0.9856559,21.81019999999989,f4.=,=
171,0,1,3,0,1,0,0.2731084,0.0,d1*?,?
171,1,1,5,0,0,0,0.3138334,3.944700000000012,f1.?,?
171,2,1,5,0,0,0,0.3207666,8.97189999999955,f1.=,=
171,3,1,5,0,1,0,0.324,13.451199999999517,f1*=,=
171,4,1,2,0,0,0,0.2475583,18.490858299999672,c1.?,?
171,5,1,1,0,0,0,0.1916334,22.84189999999944,b1.?,?
171,6,1,1,0,1,0,0.1160833,23.03353339999921,b1*\,\
171,7,1,2,0,0,0,0.238525,27.810916699999325,c1.?,?
172,0,1,5,4,0,0,1.5145833,0.0,f5.?,?
172,1,1,5,4,0,0,1.4716749999999998,4.9143999999978405,f5.\,\
173,0,1,5,4,0,0,1.4236584,0.0,f5.?,?
174,0,2,9,0,0,0,0.411419,0.0,j1.?,?
174,1,2,0,0,0,0,0.1990645999999999,5.890400000000028,a1.?,?
174,2,2,1,0,0,0,0.1350618,6.089464600000042,b1.?,?
174,3,2,1,0,0,0,0.1952842,11.475900000000024,b1./,/
174,4,2,1,0,0,0,0.1404235,11.671184200000027,b1.\,\
174,5,2,1,0,0,0,0.1983053,15.413600000000002,b1./,/
174,6,2,1,0,0,0,0.1365947,15.61190529999999,b1.\,\
174,7,2,6,0,0,1,0.3261153,25.113400000000013,g1.?,?
174,8,3,6,0,0,1,0.3226272999999999,30.524700000000024,g1.?,?
174,9,2,6,0,1,1,0.3125829,31.035000000000025,g1*=,=
174,10,2,6,0,0,1,0.3158943999999999,36.29740000000001,g1.=,=
174,11,3,0,0,0,1,0.156896,36.394660000000016,a1.?,?
174,12,2,6,0,0,1,0.3322769,41.66160000000002,g1.=,=
174,13,3,6,0,0,1,0.3207919999999999,41.76660000000001,g1.?,?
174,14,2,6,0,0,1,0.3146759,47.41660000000002,g1.=,=
174,15,3,6,0,0,1,0.3423279999999999,51.495000000000005,g1./,/
174,16,2,6,0,0,1,0.3190069,51.7124,g1.=,=
174,17,2,6,0,0,1,0.314832,55.68290000000002,g1.=,=
174,18,3,6,0,0,1,0.33048,56.37520000000001,g1.=,=
174,19,2,6,0,0,0,0.3172738,61.44840000000002,g1.=,=
174,20,2,6,0,0,0,0.3148434,65.79850000000002,g1.=,=
174,21,2,8,0,0,1,0.4012181,73.28680000000003,i1.?,?
174,22,3,11,0,1,0,0.2590924,74.46140000000003,l1*?,?
174,23,3,3,0,0,0,0.1232711,81.6816,d1.?,?
174,24,3,0,0,1,0,0.1024289999999999,81.80487110000001,a1*?,?
174,25,3,3,0,0,0,0.1090812999999999,85.69290000000001,d1.?,?
174,26,3,3,0,1,0,0.1552880999999999,85.80198130000002,d1*/,/
174,27,3,11,0,0,0,0.2824057,89.76018660000003,l1.?,?
174,28,3,11,0,1,0,0.2818062,93.3031,l1*=,=
175,0,2,8,0,0,0,0.234096,0.0,i1.?,?
175,1,2,1,0,0,0,0.108232,0.2340959999999938,b1.?,?
175,2,2,1,0,0,0,0.192392,7.849399999999996,b1./,/
175,3,2,1,0,0,0,0.13688,8.041791999999994,b1.\,\
175,4,2,0,0,0,0,0.19056,14.670499999999995,a1.?,?
175,5,2,1,0,0,1,0.136,14.861060000000002,b1.?,?
175,6,1,0,0,0,1,0.298584,17.121000000000002,a1.?,?
175,7,2,0,0,0,0,0.190512,19.693099999999998,a1.?,?
175,8,2,1,0,0,1,0.140712,19.883611999999992,b1.?,?
175,9,1,0,0,0,1,0.303904,21.782400000000003,a1.=,=
175,10,2,6,0,0,1,0.3367982,23.416400000000003,g1.?,?
175,11,1,0,0,0,1,0.304896,26.7334,a1.=,=
175,12,2,6,0,0,1,0.3239183,27.041499999999992,g1.=,=
175,13,1,0,0,0,1,0.314048,31.123600000000003,a1.=,=
175,14,2,6,0,0,1,0.3268014,31.29,g1.=,=
175,15,1,0,0,0,1,0.3132399999999999,36.1192,a1.=,=
175,16,3,0,0,0,0,0.1995771,42.93,a1.?,?
175,17,3,1,0,0,1,0.1384414,43.1295771,b1.?,?
175,18,1,0,0,0,1,0.335296,46.8239,a1./,/
175,19,3,5,0,0,1,0.3516043,50.6193,f1.?,?
175,20,1,0,0,0,1,0.3308464,50.7198,a1.=,=
175,21,3,0,0,0,0,0.1864723999999999,55.8269,a1.?,?
175,22,3,1,0,0,0,0.1355785,56.0133724,b1.?,?
175,23,3,0,0,0,0,0.200376,61.2755,a1.?,?
175,24,3,1,0,0,0,0.136888,61.47587599999999,b1.?,?
175,25,3,0,0,0,0,0.193048,66.24179999999998,a1.?,?
175,26,3,1,0,0,0,0.136704,66.43484799999999,b1.?,?
175,27,3,0,0,0,0,0.191928,70.45239999999998,a1.?,?
175,28,3,1,0,0,0,0.141112,70.644328,b1.?,?
175,29,3,6,0,0,0,0.343512,74.64779999999999,g1.?,?
176,0,1,5,4,0,0,1.4269584,0.0,f5.?,?
176,1,1,5,4,0,0,1.4582898,4.193399999999883,f5./,/
176,2,1,5,4,0,0,1.460525,8.239000000000033,f5.=,=
176,3,1,5,4,0,0,1.4442666,12.695500000000038,f5.=,=
176,4,1,5,4,0,0,1.4210916,17.248100000000022,f5.\,\
176,5,1,5,4,0,0,1.4145,21.591699999999943,f5.=,=
176,6,1,5,4,0,0,1.4401,25.852699999999917,f5./,/
177,0,1,5,4,0,0,1.5164972,0.0,f5.?,?
177,1,1,5,4,0,0,1.4746834,5.09719999999993,f5.\,\
177,2,1,5,4,0,0,1.429825,9.777900000000272,f5.\,\
177,3,1,5,4,0,0,1.4670915999999998,14.722300000000132,f5./,/
177,4,1,5,4,0,0,1.478325,19.187500000000227,f5.=,=
178,0,1,1,0,0,1,0.1348554,0.0,b1.?,?
178,1,2,5,3,0,0,0.941431,0.5597000000002481,f4.?,?
178,2,2,5,3,0,1,1.018411,4.370499999999993,f4./,/
178,3,1,1,0,0,1,0.1544416,4.770800000000236,b1./,/
178,4,2,5,3,0,0,1.0532583,7.601300000000265,f4./,/
178,5,2,5,4,1,1,1.1337917,10.871700000000146,f5*?,?
178,6,1,4,2,0,1,0.728775,12.871375000000173,e3.?,?
178,7,2,5,4,1,1,1.1657083,14.401800000000094,f5*/,/
178,8,2,5,4,0,1,1.22265,18.26209999999992,f5./,/
178,9,1,4,2,0,1,0.725475,18.60808330000009,e3.=,=
178,10,2,5,4,1,1,1.2049111,21.98129999999992,f5*=,=
178,11,1,4,2,0,1,0.7077416000000001,22.463450000000197,e3.=,=
178,12,2,5,4,0,0,1.261275,25.56230000000005,f5./,/
178,13,2,5,4,0,0,1.2669916,29.17750000000024,f5.=,=
178,14,2,5,4,0,0,1.2693,32.72130000000016,f5.=,=
178,15,2,5,4,0,0,1.2701341,36.46100000000024,f5.=,=
178,16,2,5,4,0,0,1.2988917,40.08770000000004,f5./,/
178,17,2,5,4,0,0,1.28485,43.94300000000021,f5.=,=
178,18,2,5,4,0,0,1.2919334,48.046600000000126,f5.=,=
178,19,2,5,4,0,0,1.2768084000000002,52.81919999999991,f5.=,=
178,20,2,5,4,0,0,1.2552083,57.1880000000001,f5.\,\
179,0,1,5,4,0,0,1.4134417,0.0,f5.?,?
179,1,1,5,4,0,0,1.3902167000000003,4.234300000000076,f5.\,\
179,2,1,5,4,0,0,1.3678333,8.222999999999956,f5.\,\
179,3,1,5,4,0,0,1.3825417,12.379699999999955,f5.=,=
179,4,1,5,4,0,0,1.3475416,17.0309000000002,f5.\,\
179,5,1,5,4,1,0,1.3038,22.08829999999989,f5*\,\
180,0,1,5,4,0,0,1.398325,0.0,f5.?,?
180,1,1,5,4,0,0,1.3390833,5.759300000000167,f5.\,\
181,0,1,3,0,0,1,0.4018833,0.0,d1.?,?
181,1,2,5,2,0,1,0.7995749999999999,1.6270165999999335,f3.?,?
181,2,1,3,0,1,0,0.3904499999999999,4.475116600000092,d1*=,=
181,3,2,5,2,0,1,0.7720416000000001,5.155016600000181,f3.\,\
181,4,2,5,2,1,1,0.7384915999999999,8.112116600000263,f3*\,\
181,5,1,3,0,0,1,0.411975,8.610791600000084,d1./,/
181,6,2,5,2,0,1,0.7574833,11.852416600000195,f3./,/
181,7,1,6,1,0,1,0.51375,12.370416600000226,g2.?,?
181,8,2,5,2,0,1,0.765125,15.651416600000177,f3.=,=
181,9,1,3,0,1,1,0.3738249999999999,15.938416599999982,d1*?,?
181,10,3,5,4,0,0,1.3384833,24.864416600000368,f5.?,?
181,11,3,5,4,0,0,1.37845,29.20051660000036,f5./,/
181,12,3,5,4,0,0,1.3117833,33.22331660000009,f5.\,\
181,13,3,5,4,0,0,1.298575,37.39691660000017,f5.=,=
181,14,3,5,4,0,0,1.2681917,41.41301659999999,f5.\,\
181,15,3,5,4,0,0,1.2297417,45.450916600000255,f5.\,\
181,16,3,5,4,0,0,1.2704833,49.34171660000038,f5./,/
181,17,3,5,4,0,1,1.226,53.3256166000001,f5.\,\
181,18,4,7,2,0,0,0.6739584,62.11291660000006,h3.?,?
181,19,4,7,2,0,0,0.6339999999999999,67.17921660000002,h3.\,\
181,20,5,7,2,0,0,0.6266417,82.38091660000009,h3.?,?
181,21,5,7,2,0,1,0.6415,89.55781660000002,h3.=,=
181,22,6,5,4,0,0,1.3119083,95.60901660000036,f5.?,?
181,23,6,5,4,0,0,1.3330184,100.43241660000012,f5./,/
182,0,1,5,4,0,0,1.5505599,0.0,f5.?,?
182,1,1,5,4,0,0,1.5186266000000002,4.732200000000375,f5.\,\
182,2,1,5,4,0,0,1.5222250000000002,9.54830000000038,f5.=,=
182,3,1,5,4,0,0,1.5451583,14.2175000000002,f5./,/
182,4,1,5,4,0,0,1.4762833,19.26170000000002,f5.\,\
182,5,1,5,4,0,0,1.3440322999999998,24.215900000000147,f5.\,\
182,6,1,5,4,0,0,1.2848583,28.96250000000009,f5.\,\
182,7,1,5,4,0,0,1.3292917,33.607400000000325,f5./,/
182,8,1,5,4,0,0,1.3619083,38.48919999999998,f5./,/
182,9,1,5,4,0,0,1.3205417000000002,43.15219999999999,f5.\,\
182,10,1,5,4,0,0,1.3449167,47.83230000000003,f5./,/
182,11,1,5,4,0,0,1.3434416,52.516200000000026,f5.=,=
183,0,1,8,0,0,0,0.2760667,0.0,i1.?,?
183,1,1,1,0,0,0,0.095875,0.2760667000002286,b1.?,?
183,2,1,0,0,0,0,0.183975,4.390299999999115,a1.?,?
183,3,1,0,0,0,0,0.1296,4.574274999999943,a1.\,\
183,4,1,0,0,0,0,0.1768167,7.894799999999122,a1./,/
183,5,1,1,0,0,0,0.1262917,8.07161669999914,b1.?,?
183,6,1,6,0,0,0,0.314625,11.0662999999995,g1.?,?
183,7,1,6,0,0,0,0.327025,14.6886999999997,g1.=,=
183,8,1,6,0,0,0,0.3186749999999999,18.96119999999973,g1.=,=
183,9,1,6,0,0,0,0.32675,22.963799999999537,g1.=,=
183,10,1,6,0,0,0,0.3271,26.792999999999665,g1.=,=
183,11,1,6,0,0,0,0.3335834,30.526299999999537,g1.=,=
183,12,1,0,0,0,0,0.1914167,34.46839999999975,a1.?,?
183,13,1,1,0,0,0,0.1345583,34.65981670000019,b1.?,?
183,14,1,6,0,0,0,0.334525,38.78709999999956,g1.?,?
183,15,1,0,0,0,0,0.1885667,43.14539999999943,a1.?,?
183,16,1,1,0,0,0,0.134125,43.33396670000002,b1.?,?
183,17,1,1,0,0,0,0.2022583,47.58859999999913,b1./,/
183,18,1,0,0,0,0,0.1391,47.79085829999895,a1.?,?
183,19,1,0,0,0,0,0.1885416,51.42879999999968,a1./,/
183,20,1,1,0,0,0,0.1316167,51.61734159999924,b1.?,?
183,21,1,0,0,0,0,0.1895333,55.54759999999988,a1.?,?
183,22,1,1,0,0,0,0.1442167,55.737133300000096,b1.?,?
183,23,1,6,0,0,0,0.3159916,59.95119999999952,g1.?,?
183,24,1,1,0,0,0,0.1419833999999999,60.26719159999993,b1.?,?
183,25,1,8,0,1,0,0.3791333,64.35299999999916,i1*?,?
184,0,2,1,0,0,1,0.1348413,0.0,b1.?,?
184,1,1,5,3,0,0,1.0046542,0.495900000000006,f4.?,?
184,2,1,5,3,0,1,1.0186583,4.369699999999966,f4.=,=
184,3,2,1,0,0,1,0.1544134999999999,4.77130000000011,b1./,/
184,4,1,5,3,0,0,1.0521334,7.600799999999936,f4./,/
184,5,1,5,4,1,1,1.1337917,10.870599999999968,f5*?,?
184,6,2,4,2,1,0,0.7287413,12.87143500000002,e3*?,?
184,7,1,5,4,1,1,1.1657334,14.401200000000015,f5*/,/
184,8,1,5,4,0,1,1.2225584,18.26150000000007,f5./,/
184,9,2,4,2,0,1,0.7204154,18.616276799999923,e3.=,=
184,10,1,5,4,0,1,1.2048583,21.980400000000145,f5.=,=
184,11,2,1,2,0,1,0.8421898999999999,22.02080000000001,b3.?,?
184,12,2,1,0,0,1,0.3079541,22.8629899,b1.?,?
184,13,1,5,4,0,0,1.2611584000000002,25.5616,f5./,/
184,14,1,5,4,0,0,1.2670333,29.176600000000008,f5.=,=
184,15,1,5,4,0,0,1.2694334,32.72039999999993,f5.=,=
184,16,1,5,4,0,0,1.27,36.46019999999999,f5.=,=
184,17,1,5,4,0,0,1.2989084000000002,40.086700000000064,f5./,/
184,18,1,5,4,0,0,1.2848665999999995,43.94200000000001,f5.=,=
184,19,1,5,4,0,0,1.2919667,48.04549999999995,f5.=,=
184,20,1,5,4,0,0,1.2766917,52.81809999999996,f5.=,=
184,21,1,5,4,0,0,1.255275,57.1866,f5.=,=
185,0,1,5,4,0,0,1.4269500000000002,0.0,f5.?,?
185,1,1,5,4,0,0,1.458275,4.193399999999997,f5./,/
185,2,1,5,4,0,0,1.4602833000000002,8.239000000000004,f5.=,=
185,3,1,5,4,0,0,1.4440084,12.695400000000006,f5.=,=
185,4,1,5,4,0,0,1.4210833,17.248000000000005,f5.\,\
185,5,1,5,4,0,0,1.4142833,21.5916,f5.=,=
185,6,1,5,4,0,0,1.4400333,25.852499999999992,f5./,/
186,0,1,5,4,0,0,1.4138333,0.0,f5.?,?
186,1,1,5,4,0,0,1.3901084,4.234399999999823,f5.\,\
186,2,1,5,4,0,0,1.3676917,8.223099999999931,f5.\,\
186,3,1,5,4,0,0,1.3824583,12.379699999999955,f5.=,=
186,4,1,5,4,0,0,1.3474917,17.0308,f5.\,\
186,5,1,5,4,1,0,1.3038666,22.08809999999994,f5*\,\
187,0,1,5,4,0,0,1.3982333999999998,0.0,f5.?,?
187,1,1,5,4,0,0,1.33905,5.759000000000015,f5.\,\
188,0,1,5,2,0,1,0.7989781,0.0,f3.?,?
188,1,10,3,0,1,0,0.3884,2.846199999999953,d1*?,?
188,2,11,5,2,0,1,0.771925,3.528099999999995,f3.?,?
188,3,10,5,2,1,1,0.7410285,6.483600000000024,f3*?,?
188,4,11,3,0,0,0,0.4090509999999999,6.984167600000092,d1.?,?
188,5,11,5,2,0,1,0.7726332,10.227300000000014,f3.?,?
188,6,10,3,0,1,0,0.3859215,10.740800000000036,d1*?,?
188,7,11,5,2,0,1,0.7669348,14.02670000000012,f3.=,=
188,8,10,3,0,1,1,0.37367,14.30930000000012,d1*=,=
188,9,3,5,4,0,0,1.3419417,23.23610000000008,f5.?,?
188,10,3,5,4,0,0,1.3785,27.573300000000017,f5./,/
188,11,3,5,4,0,0,1.3118333,31.596500000000106,f5.\,\
188,12,3,5,4,0,0,1.2985833999999998,35.77009999999996,f5.=,=
188,13,3,5,4,0,0,1.2682666,39.78629999999998,f5.\,\
188,14,3,5,4,0,0,1.2298416,43.82449999999994,f5.\,\
188,15,3,5,4,0,0,1.2706333,47.7156,f5./,/
188,16,3,5,4,0,1,1.2262084,51.700000000000045,f5.\,\
188,17,4,7,2,0,0,0.6739417,60.48859999999991,h3.?,?
188,18,4,7,2,0,0,0.6339583,65.55490000000009,h3.\,\
188,19,5,7,2,0,0,0.6265666999999999,80.75819999999999,h3.?,?
188,20,5,7,2,0,1,0.6413667000000001,87.9389000000001,h3.=,=
188,21,6,5,4,0,0,1.3120174,93.98929999999996,f5.?,?
188,22,6,5,4,0,0,1.3328779,98.81240000000004,f5./,/
189,0,1,5,4,0,0,1.5162833,0.0,f5.?,?
189,1,1,5,4,0,0,1.4745333,5.096900000000005,f5.\,\
189,2,1,5,4,0,0,1.4296833,9.777500000000003,f5.\,\
189,3,1,5,4,0,0,1.4669667,14.721900000000003,f5./,/
189,4,1,5,4,0,0,1.4782916,19.18710000000001,f5.=,=
190,0,2,5,4,0,0,1.5596994,0.0,f5.?,?
190,1,2,5,4,0,0,1.5427722,4.732399999999871,f5.=,=
190,2,2,5,4,0,0,1.5307163999999998,9.548900000000003,f5.=,=
190,3,2,5,4,0,0,1.5451987000000005,14.2183,f5.=,=
190,4,2,5,4,0,0,1.4682038,19.270700000000037,f5.\,\
190,5,2,5,4,0,0,1.3442992,24.21659999999997,f5.\,\
190,6,2,5,4,0,0,1.2766088000000002,28.97160000000008,f5.\,\
190,7,2,5,4,0,0,1.3221918,33.615299999999934,f5./,/
190,8,2,5,4,0,0,1.3621128999999998,38.490299999999934,f5./,/
190,9,2,5,4,0,0,1.3140993,43.15989999999988,f5.\,\
190,10,2,5,4,0,0,1.3449605999999998,47.833900000000085,f5./,/
190,11,2,5,4,0,0,1.3434194,52.51780000000008,f5.=,=
191,0,1,8,0,0,0,0.276,0.0,i1.?,?
191,1,1,1,0,0,0,0.0958583,0.2759999999998399,b1.?,?
191,2,1,0,0,0,0,0.1839415999999999,4.38989999999967,a1.?,?
191,3,1,0,0,0,0,0.1295834,4.573841599999923,a1.\,\
191,4,1,0,0,0,0,0.1769583,7.89449999999988,a1./,/
191,5,1,1,0,0,0,0.12615,8.071458299999904,b1.?,?
191,6,1,6,0,0,0,0.3146417,11.065999999999804,g1.?,?
191,7,1,6,0,0,0,0.3270083,14.6887999999999,g1.=,=
191,8,1,6,0,0,0,0.31865,18.96119999999973,g1.=,=
191,9,1,6,0,0,0,0.3267004,22.96360000000004,g1.=,=
191,10,1,6,0,0,0,0.3270666,26.79279999999972,g1.=,=
191,11,1,6,0,0,0,0.333575,30.52610000000004,g1.=,=
191,12,1,0,0,0,0,0.1914,34.4683,a1.?,?
191,13,1,1,0,0,0,0.13455,34.65970000000016,b1.?,?
191,14,1,6,0,0,0,0.334525,38.78690000000006,g1.?,?
191,15,1,0,0,0,0,0.18855,43.14519999999993,a1.?,?
191,16,1,1,0,0,0,0.1341083,43.33374999999978,b1.?,?
191,17,1,1,0,0,0,0.2022417,47.58839999999964,b1./,/
191,18,1,0,0,0,0,0.1391,47.79064169999992,a1.?,?
191,19,1,0,0,0,0,0.1885333,51.42849999999999,a1./,/
191,20,1,1,0,0,0,0.1316167,51.6170333,b1.?,?
191,21,1,0,0,0,0,0.189525,55.54759999999988,a1.?,?
191,22,1,1,0,0,0,0.1440584,55.73712499999965,b1.?,?
191,23,1,6,0,0,0,0.316125,59.95119999999997,g1.?,?
191,24,1,1,0,0,0,0.141975,60.2673249999998,b1.?,?
191,25,1,8,0,1,0,0.37895,64.35320000000002,i1*?,?
192,0,1,2,0,0,0,0.2361834,0.0,c1.?,?
192,1,1,5,0,1,0,0.3237417,4.704516700000568,f1*?,?
192,2,1,2,0,0,0,0.2309417,9.341483300000618,c1.?,?
192,3,1,5,0,0,0,0.3085167,13.76421670000036,f1.?,?
193,0,1,5,4,0,0,1.5589,0.0,f5.?,?
193,1,1,5,4,0,0,1.6086332999999997,4.760099999999511,f5./,/
193,2,1,5,4,0,0,1.5950417,9.181399999999485,f5.=,=
194,0,1,5,4,0,0,1.5420916,0.0,f5.?,?
194,1,1,5,4,0,0,1.4976584,3.9719999999979336,f5.\,\
194,2,1,5,4,0,0,1.5481166,7.924299999998766,f5./,/
194,3,1,5,4,0,0,1.5432667,12.319899999998595,f5.=,=
194,4,1,5,4,0,0,1.5625084,16.572699999996985,f5./,/
194,5,1,5,4,0,0,1.5919667,20.75720000000001,f5./,/
194,6,1,5,4,0,0,1.557875,25.093299999996816,f5.\,\
195,0,1,0,2,0,0,0.8981,0.0,a3.?,?
195,1,1,1,0,0,0,0.271325,0.8981000000021595,b1.?,?
195,2,1,0,0,0,0,0.4039583,1.1694250000000466,a1.?,?
196,0,2,2,2,0,0,0.6592937,0.0,c3.?,?
196,1,2,3,1,0,0,0.4959588,0.6592936999986705,d2.?,?
197,0,2,5,2,0,1,0.7579918000000001,0.0,f3.?,?
197,1,1,8,0,0,0,0.2175083,0.3901000000005297,i1.?,?
197,2,1,6,0,0,1,0.3131333,4.704200000000128,g1.?,?
197,3,2,5,2,1,1,0.7404858999999999,4.8739000000023225,f3*=,=
197,4,1,3,0,0,1,0.2524916,9.244200000001,d1.?,?
197,5,2,2,1,1,1,0.4908554,9.351273200001742,c2*?,?
197,6,1,6,0,1,1,0.3043582999999999,13.403800000000048,g1*?,?
197,7,2,2,1,0,0,0.4964471,13.64459160000115,c2.=,=
197,8,2,1,0,0,1,0.425937,17.785400000000664,b1.?,?
197,9,1,6,0,0,1,0.3163417,18.056800000002116,g1.=,=
197,10,2,0,0,1,1,0.2697679,18.21133700000064,a1*?,?
197,11,1,0,0,0,1,0.184575,22.636200000000827,a1.?,?
197,12,2,2,1,0,1,0.5163414,22.739031000000978,c2.?,?
197,13,1,0,0,1,1,0.1335584,22.82077500000014,a1*\,\
197,14,1,3,0,0,1,0.2181,27.12105829999928,d1.?,?
197,15,2,1,0,0,1,0.431374,27.234700000000885,b1.?,?
197,16,2,0,0,0,1,0.2786074,27.666074000000663,a1.?,?
197,17,1,6,0,0,1,0.3191416,31.330000000001743,g1.?,?
197,18,2,1,0,0,1,0.4472206,31.40309999999954,b1.?,?
197,19,2,1,0,0,0,0.2836419,31.850320600002306,b1.\,\
197,20,2,1,1,0,0,0.4549834,35.89719999999943,b2.?,?
197,21,2,0,0,1,0,0.2843915999999999,36.3521834000021,a1*?,?
197,22,1,2,0,0,1,0.22165,40.43188329999976,c1.?,?
197,23,2,2,1,0,1,0.5207712,40.53938540000309,c2.?,?
197,24,1,6,0,0,1,0.3263317999999999,44.25770000000193,g1.?,?
197,25,2,3,1,1,1,0.5648437000000001,44.39470000000074,d2*?,?
197,26,2,1,0,0,1,0.4372007,48.2544999999991,b1.?,?
197,27,1,1,0,0,1,0.1998885,48.25800000000163,b1.?,?
197,28,1,0,0,0,1,0.1342115,48.45788850000099,a1.?,?
197,29,2,1,0,0,1,0.2673591,48.69170070000109,b1.\,\
197,30,1,5,0,0,0,0.3260834,52.63669999999911,f1.?,?
198,0,1,1,0,0,0,0.190625,0.0,b1.?,?
198,1,1,0,0,0,0,0.12765,0.1906249999992724,a1.?,?
198,2,1,1,0,0,0,0.1860583,4.835799999997107,b1.?,?
198,3,1,0,0,0,1,0.1277334,5.021858299998712,a1.?,?
198,4,2,5,2,0,0,0.7617083,9.626899999999296,f3.?,?
198,5,2,5,2,0,0,0.7777416,20.13329999999769,f3.=,=
198,6,2,1,1,0,0,0.4731084,28.84769999999844,b2.?,?
198,7,2,0,0,0,0,0.3024,29.320808399999805,a1.?,?
198,8,2,5,2,0,1,0.7849512000000001,35.117999999998574,f3.?,?
198,9,1,5,0,0,1,0.3328473,40.77559999999721,f1.?,?
198,10,2,5,2,0,1,0.732004,40.78240000000005,f3.\,\
198,11,1,2,0,0,1,0.2446676,45.80189999999857,c1.?,?
198,12,2,5,2,1,1,0.7409384,46.01339999999982,f3*=,=
199,0,2,6,0,0,0,0.305688,0.0,g1.?,?
199,1,2,1,0,0,0,0.1822666,6.011399999999412,b1.?,?
199,2,2,1,0,0,0,0.1258035,6.193666600000142,b1.\,\
200,0,2,5,3,0,0,0.99164,0.0,f4.?,?
200,1,2,5,3,0,0,1.015632,4.420900000000074,f4./,/
200,2,2,5,3,0,0,1.008632,8.51130000000012,f4.=,=
200,3,2,5,3,0,0,0.99392,12.419100000000071,f4.=,=
200,4,2,5,3,0,0,1.014712,16.142700000000332,f4./,/
200,5,2,5,3,0,0,1.03784,19.857600000000275,f4./,/
200,6,2,5,3,0,0,1.0192,23.84720000000016,f4.=,=
200,7,2,5,3,0,0,1.040784,27.69650000000001,f4./,/
200,8,2,5,3,0,0,1.025424,31.6215000000002,f4.=,=
201,0,2,5,3,0,1,0.939928,0.0,f4.?,?
201,1,2,5,3,0,0,0.938768,4.650200000000041,f4.=,=
201,2,2,5,3,0,0,0.9558589,8.832699999999932,f4.=,=
201,3,2,5,3,0,0,0.976472,13.230000000000018,f4./,/
201,4,2,5,3,0,0,0.972576,17.48630000000003,f4.=,=
202,0,2,5,4,0,0,1.5588901,0.0,f5.?,?
202,1,2,5,4,0,0,1.608768,4.76050000000032,f5./,/
202,2,2,5,4,0,0,1.5949283,9.182200000000194,f5.=,=
203,0,2,5,4,0,0,1.381584,0.0,f5.?,?
203,1,2,5,4,1,1,1.2274192,2.638900000000831,f5*\,\
203,2,3,4,2,0,1,0.7426004,7.317278300000908,e3.?,?
203,3,2,4,2,1,1,0.7662192,7.455424100000528,e3*?,?
203,4,2,4,2,0,1,0.7375537000000001,10.961130400000911,e3.\,\
203,5,3,4,2,1,1,0.7396327,11.182566400000724,e3*=,=
203,6,3,5,4,0,1,1.1817146,14.109800000000178,f5.?,?
203,7,2,4,2,0,1,0.7402974,14.340373200000611,e3.=,=
203,8,2,5,4,1,0,1.2125103000000002,17.00630000000001,f5*?,?
203,9,2,4,2,0,1,0.7600584,20.95575000000008,e3.?,?
203,10,3,4,2,0,1,0.752364,21.134689100000287,e3.?,?
203,11,2,5,4,1,1,1.2774953,24.129500000000007,f5*?,?
203,12,3,4,2,0,1,0.7598108,25.227520400000685,e3.=,=
203,13,2,5,4,0,1,1.2877105,27.855900000000474,f5.=,=
203,14,3,5,4,0,1,1.2181454,29.025300000000243,f5.?,?
203,15,2,5,4,0,1,1.3120374,31.909500000000666,f5./,/
203,16,3,5,4,0,1,1.2209721,33.3112000000001,f5.=,=
203,17,2,5,4,0,1,1.3291536,35.94510000000082,f5.=,=
203,18,3,5,4,0,1,1.2119434,37.34280000000035,f5.=,=
203,19,2,5,4,0,0,1.3410315,41.61779999999999,f5.=,=
203,20,2,5,4,0,0,1.3932559999999998,46.28660000000036,f5./,/
204,0,2,5,4,0,0,1.52868,0.0,f5.?,?
204,1,2,5,4,0,0,1.5173401000000002,4.097600000000057,f5.=,=
204,2,2,5,4,0,0,1.515696,8.044100000000071,f5.=,=
204,3,2,5,4,0,0,1.5085656000000005,11.890400000000229,f5.=,=
205,0,2,5,4,0,0,1.4206478,0.0,f5.?,?
205,1,2,5,4,0,0,1.4217236,6.680199999999786,f5.=,=
205,2,2,5,4,0,0,1.4398862,10.798999999999978,f5.=,=
205,3,2,5,4,1,1,1.4088965999999998,14.46810000000005,f5*\,\
205,4,3,4,2,1,0,0.8219337000000001,14.995674900000267,e3*?,?
205,5,2,5,4,0,1,1.2923859,18.491799999999785,f5.\,\
205,6,3,4,2,0,0,0.8313683999999999,18.96902559999944,e3.=,=
205,7,3,5,4,0,1,1.2862792,22.71469999999954,f5.?,?
205,8,2,5,4,0,1,1.2838657,22.77390000000014,f5.=,=
205,9,3,5,4,0,1,1.2855073,27.01310000000012,f5.=,=
205,10,2,5,4,0,1,1.2826427,27.0645999999997,f5.=,=
206,0,2,1,3,0,1,0.9315177,0.0,b4.?,?
206,1,3,2,3,0,1,0.99444,0.5572000000001935,c4.?,?
206,2,2,1,0,0,0,0.2919123,0.9315176999998585,b1.?,?
206,3,2,1,0,0,0,0.2960621,1.2234300000000076,b1.=,=
206,4,2,1,0,0,1,0.3044723,1.5194921000002068,b1.=,=
206,5,3,1,0,1,1,0.2996769999999999,1.5516400000005888,b1*?,?
206,6,2,2,3,0,1,0.9969204,6.007299999999304,c4.?,?
206,7,3,0,2,0,1,0.8557534,6.04320000000007,a3.?,?
206,8,3,1,0,0,1,0.2443094,6.8989534000002095,b1.?,?
206,9,2,3,0,0,1,0.4010309999999999,7.004220400000122,d1.?,?
206,10,3,1,0,0,1,0.2737085,7.14326280000023,b1./,/
206,11,2,3,0,0,1,0.4175006999999999,7.405251399999543,d1.=,=
206,12,3,1,0,1,1,0.3255525,7.416971300000114,b1*/,/
206,13,2,2,1,0,0,0.577576,16.69380000000001,c2.?,?
206,14,2,3,0,0,0,0.4403439999999999,17.27137599999969,d1.?,?
206,15,2,1,0,0,1,0.309632,17.71172000000024,b1.?,?
206,16,3,5,4,0,1,1.1847674,18.111699999999477,f5.?,?
206,17,2,12,4,0,0,1.2142276,24.7524999999996,m5.?,?
206,18,2,1,0,0,1,0.333904,25.966727600000013,b1.?,?
206,19,3,5,4,1,1,1.200672,28.049799999999777,f5*=,=
206,20,2,14,4,0,1,1.3028883,32.555796999999075,o5.?,?
206,21,3,5,4,0,0,1.1847359999999998,36.84349999999995,f5.=,=
206,22,3,5,4,0,0,1.1579889,42.28349999999955,f5.\,\
207,0,2,8,0,0,1,0.2527019,0.0,i1.?,?
207,1,3,8,0,0,1,0.2532026,0.0668000000005122,i1.?,?
207,2,2,1,0,0,1,0.1033681,0.2527019000008295,b1.?,?
207,3,3,1,0,0,1,0.1035415,0.3200026000004072,b1.?,?
207,4,2,5,2,0,1,0.8290101,4.998600000000806,f3.?,?
207,5,3,13,0,0,1,0.3895330999999999,5.236100000000079,n1.?,?
207,6,2,5,2,0,1,0.8017290000000001,10.441800000000512,f3.\,\
207,7,3,1,0,0,0,0.1799712,10.983500000000276,b1.?,?
207,8,3,1,0,0,1,0.1261888,11.163471200000458,b1.\,\
207,9,2,5,2,0,1,0.799728,15.403700000000754,f3.=,=
207,10,3,6,0,0,1,0.3140842,16.084500000000844,g1.?,?
207,11,2,3,0,1,0,0.2499874,21.129300000000512,d1*?,?
207,12,2,6,0,0,0,0.3120062,26.598400000000765,g1.?,?
207,13,2,6,0,0,1,0.3175883,31.052200000000084,g1.=,=
207,14,3,5,2,0,1,0.7996631,31.91680000000088,f3.?,?
207,15,2,6,0,0,1,0.3017231,36.22620000000006,g1.=,=
207,16,3,5,2,0,1,0.7691353999999999,36.35600000000068,f3.\,\
207,17,2,1,0,0,1,0.1750519999999999,40.54240000000027,b1.?,?
207,18,3,1,1,0,1,0.4500043,40.62740000000031,b2.?,?
207,19,2,0,0,0,1,0.1257212,40.71745199999987,a1.?,?
207,20,3,0,0,0,1,0.2881319,41.077404300000126,a1.?,?
207,21,2,5,2,0,0,0.7950629,47.77820000000065,f3.?,?
207,22,2,5,2,0,1,0.7763741,55.8746000000001,f3.=,=
207,23,3,6,0,0,1,0.3069343,57.00350000000071,g1.?,?
207,24,2,5,2,0,1,0.7377668000000001,61.05380000000059,f3.\,\
207,25,3,6,0,0,1,0.3072823,61.33980000000065,g1.=,=
207,26,2,5,2,0,1,0.7240628,65.38620000000083,f3.=,=
207,27,3,5,2,0,1,0.7301393,65.50930000000062,f3.?,?
207,28,2,5,2,0,1,0.7545906,70.22700000000077,f3./,/
207,29,3,5,2,0,1,0.7371004999999999,70.32290000000012,f3.=,=
207,30,2,1,1,0,0,0.4630595,74.33760000000075,b2.?,?
207,31,2,0,0,0,0,0.3007071999999999,74.80065950000062,a1.?,?
207,32,2,5,2,0,0,0.8556858,81.29430000000048,f3.?,?
208,0,2,5,4,0,0,1.5910575999999998,0.0,f5.?,?
208,1,2,5,4,0,0,1.6027520000000002,4.223599999999351,f5.=,=
208,2,2,5,4,0,0,1.635384,8.305299999999988,f5./,/
208,3,2,5,4,0,0,1.581728,12.41820000000007,f5.\,\
208,4,2,5,4,0,0,1.6158192,16.3734000000004,f5./,/
208,5,2,5,4,0,0,1.6132082,20.41109999999935,f5.=,=
208,6,2,5,4,0,0,1.582008,24.402400000000853,f5.\,\
208,7,2,5,4,0,0,1.55764,28.34720000000016,f5.\,\
208,8,2,5,4,0,0,1.5719440000000002,32.33250000000044,f5.=,=
208,9,2,5,4,0,0,1.5489164,36.336999999999534,f5.\,\
209,0,2,12,4,1,0,1.2879280000000002,0.0,m5*?,?
209,1,2,8,2,0,1,0.797631,4.532656000001225,i3.?,?
209,2,3,2,2,0,1,0.629338,4.564300000000003,c3.?,?
209,3,3,3,1,0,1,0.4861457,5.193638000000647,d2.?,?
209,4,2,1,0,0,1,0.2839384,5.330287000000681,b1.?,?
209,5,2,12,4,0,0,1.2816369,6.539899999999761,m5.?,?
209,6,2,1,0,0,0,0.3401301,7.821536899999046,b1.?,?
209,7,2,7,0,1,0,0.2181632,10.042699999999968,h1*?,?
209,8,2,5,4,0,1,1.1081663000000002,11.572899999999208,f5.?,?
209,9,3,5,3,0,1,0.9625322,13.162099999999556,f4.?,?
209,10,2,5,3,0,1,0.9780357,17.52559999999903,f4.?,?
209,11,3,8,0,0,0,0.2320272,18.65849999999955,i1.?,?
209,12,3,8,0,0,0,0.2017427,18.89052719999927,i1.\,\
209,13,3,9,0,0,0,0.2214021,19.092269900000247,j1.?,?
209,14,3,1,0,0,0,0.1316804,19.313672000000224,b1.?,?
209,15,3,1,0,1,0,0.2309872,19.445352400000047,b1*/,/
209,16,2,5,3,0,1,1.0523216000000002,24.520699999999124,f4./,/
209,17,3,8,0,0,0,0.2233759999999999,27.854699999999863,i1.?,?
209,18,3,8,0,0,0,0.2090559999999999,28.078075999999783,i1.=,=
209,19,3,9,0,0,0,0.2065199999999999,28.287131999999477,j1.?,?
209,20,3,3,0,0,0,0.158104,28.4936519999992,d1.?,?
209,21,3,1,0,0,0,0.155944,28.651755999999292,b1.?,?
209,22,3,1,0,0,1,0.361472,28.807699999999382,b1./,/
209,23,2,5,3,0,0,1.0466968,29.73350000000028,f4.=,=
209,24,2,5,3,0,1,1.0183704,34.17579999999907,f4.\,\
209,25,3,8,0,0,0,0.2148454,34.952400000000125,i1.?,?
209,26,3,8,0,0,0,0.2063642,35.16724539999996,i1.=,=
209,27,3,9,0,0,0,0.205518,35.37360959999933,j1.?,?
209,28,3,3,0,0,0,0.158656,35.57912759999999,d1.?,?
209,29,3,1,0,0,0,0.155152,35.7377835999996,b1.?,?
209,30,3,1,0,0,1,0.383552,35.89293560000078,b1./,/
209,31,2,5,3,0,1,1.0641878,42.36279999999897,f4./,/
209,32,3,5,3,0,1,1.0758891,42.67709999999897,f4.?,?
209,33,2,5,4,0,1,1.1191799,48.89569999999912,f5.?,?
209,34,3,5,4,0,1,1.1058088,49.34559999999874,f5.?,?
209,35,2,5,4,0,1,1.1310184,56.69759999999951,f5.=,=
209,36,3,5,4,0,1,1.1274668,56.829899999998815,f5./,/
209,37,2,5,4,0,1,1.1077444,61.15179999999964,f5.\,\
209,38,3,5,4,0,1,1.1439582,63.58050000000003,f5.=,=
209,39,2,12,4,0,0,1.3081443,71.04290000000037,m5.?,?
210,0,2,8,0,0,0,0.2612657,0.0,i1.?,?
210,1,2,1,0,0,0,0.1054279,0.2612656999990577,b1.?,?
210,2,2,8,0,0,0,0.2713663,5.327199999999721,i1.?,?
210,3,2,1,0,0,0,0.1079525,5.59856629999922,b1.?,?
210,4,2,8,0,0,0,0.277901,11.313000000000102,i1.?,?
210,5,2,1,0,0,0,0.1082217,11.590900999999576,b1.?,?
210,6,2,8,0,0,0,0.2706995,18.862299999998868,i1.?,?
210,7,2,1,0,0,0,0.1778251,26.30249999999978,b1.?,?
210,8,2,0,0,0,0,0.1286576999999999,26.48032509999939,a1.?,?
210,9,2,1,0,0,0,0.1848033,32.71739999999954,b1.?,?
210,10,2,0,0,0,0,0.1238047,32.90220330000011,a1.?,?
211,0,2,3,0,1,1,0.2477841,0.0,d1*?,?
211,1,3,2,1,1,1,0.5441436,0.4142991000007896,c2*?,?
211,2,3,5,2,0,1,0.7572739,5.106600000000981,f3.?,?
211,3,2,6,0,1,1,0.2848369,5.143909899999926,g1*?,?
211,4,3,2,1,0,1,0.5349462,10.381949200000236,c2.?,?
211,5,2,6,0,1,1,0.3006862999999999,10.694700000000012,g1*=,=
211,6,3,2,1,0,1,0.5373638000000001,15.226198500000464,c2.=,=
211,7,2,6,0,0,1,0.3120602,15.33979999999974,g1.=,=
211,8,3,1,1,0,1,0.4532253,20.316800000000512,b2.?,?
211,9,2,1,0,0,1,0.1746356,20.454200000000128,b1.?,?
211,10,2,1,0,0,1,0.1243637,20.628835600000457,b1.\,\
211,11,3,0,0,1,1,0.2888649,20.77002530000027,a1*?,?
211,12,3,2,1,0,1,0.5258858,25.64691250000033,c2.?,?
211,13,2,6,0,0,1,0.305713,26.349500000000265,g1.?,?
211,14,3,1,0,0,0,0.44876,30.437400000000707,b1.?,?
211,15,3,0,0,0,0,0.285008,30.886160000000014,a1.?,?
211,16,3,3,1,1,0,0.5932688,35.58060000000114,d2*?,?
211,17,2,6,0,0,1,0.2972219,36.3054000000011,g1.=,=
211,18,3,5,2,0,1,0.7170721999999999,40.54809999999998,f3.?,?
211,19,2,6,0,1,0,0.3019748,41.06830000000082,g1*=,=
211,20,2,6,0,0,0,0.3002957,45.89700000000085,g1.=,=
211,21,2,6,0,0,0,0.3006633,50.16079999999965,g1.=,=
212,0,2,11,0,0,0,0.2828367,0.0,l1.?,?
213,0,2,5,4,0,0,1.5424785,0.0,f5.?,?
213,1,2,5,4,1,0,1.4979589,3.972999999999956,f5*\,\
213,2,2,4,3,0,0,0.9490241,8.46375960000114,e4.?,?
213,3,2,5,4,0,0,1.5433214999999998,12.321900000000824,f5.?,?
213,4,2,5,4,0,0,1.5626015,16.574800000000323,f5./,/
213,5,2,5,4,0,0,1.5920616,20.759600000001228,f5./,/
213,6,2,5,4,0,0,1.55784,25.09560000000056,f5.\,\
214,0,1,12,4,0,0,1.237264,0.0,m5.?,?
214,1,1,12,4,0,0,1.134896,5.301,m5.\,\
214,2,1,1,0,0,1,0.329944,6.435896000000001,b1.?,?
214,3,2,5,4,0,1,1.0875849999999998,6.626099999999999,f5.?,?
214,4,2,5,3,1,1,1.000957,9.8592,f4*?,?
214,5,1,8,2,0,0,0.7410960000000001,10.30588,i3.?,?
214,6,1,1,0,0,0,0.294528,11.046976,b1.?,?
214,7,1,5,2,0,1,0.8662559999999999,14.2083,f3.?,?
214,8,2,5,3,0,1,0.988428,17.2337,f4.=,=
214,9,1,5,2,0,1,0.846168,17.894999999999996,f3.=,=
214,10,2,2,2,0,1,0.785872,20.7849,c3.?,?
214,11,1,5,2,0,1,0.8287280000000001,21.7207,f3.=,=
214,12,2,5,2,0,1,0.925048,24.2987,f3.?,?
214,13,1,5,2,0,0,0.804368,24.8028,f3.\,\
214,14,1,5,2,0,1,0.8128719999999999,28.3432,f3.=,=
214,15,2,3,0,1,0,0.1191039999999999,32.369,d1*?,?
214,16,2,3,0,0,0,0.12968,32.546112,d1.=,=
214,17,2,3,0,0,0,0.122152,32.675792,d1.=,=
214,18,2,3,0,0,0,0.117048,32.797944,d1.=,=
214,19,2,3,0,0,1,0.131912,32.914992,d1.=,=
214,20,1,5,2,0,1,0.8337680000000001,33.0151,f3./,/
214,21,2,1,0,0,1,0.12692,33.046904,b1.?,?
214,22,2,1,0,1,0,0.234856,33.173824,b1*/,/
214,23,1,5,2,1,1,0.8614399999999999,37.2406,f3*/,/
214,24,2,8,0,0,0,0.228728,38.842136,i1.?,?
214,25,2,8,0,0,0,0.202304,39.070864,i1.\,\
214,26,2,9,0,0,0,0.220248,39.273168,j1.?,?
214,27,2,1,0,0,0,0.155912,39.493416,b1.?,?
214,28,2,1,0,0,0,0.328312,39.649328,b1./,/
215,0,1,5,2,0,0,0.787584,0.0,f3.?,?
215,1,1,5,2,0,1,0.7967679999999999,4.411799999999971,f3.=,=
215,2,2,8,0,0,0,0.2466769,7.231999999999971,i1.?,?
215,3,2,1,0,0,1,0.1046289,7.478676899999982,b1.?,?
215,4,1,5,2,0,1,0.7799039999999999,7.857899999999972,f3.=,=
215,5,2,13,0,0,1,0.3529078,11.226099999999974,n1.?,?
215,6,1,1,0,0,0,0.439032,11.646199999999965,b1.?,?
215,7,1,0,0,0,0,0.287144,12.085231999999962,a1.?,?
215,8,1,5,2,0,1,0.718432,16.07389999999998,f3.?,?
215,9,2,8,0,0,1,0.2528091,16.161399999999958,i1.?,?
215,10,2,1,0,0,1,0.1037554,16.414209099999994,b1.?,?
215,11,1,1,0,0,1,0.4406879999999999,20.709599999999966,b1.?,?
215,12,2,13,0,0,1,0.3649697,20.88119999999998,n1.?,?
215,13,1,1,0,1,1,0.27848,21.15028799999999,b1*\,\
215,14,1,1,1,1,1,0.452656,24.917099999999948,b2*?,?
215,15,2,9,0,0,1,0.2634083,24.97440509999996,j1.?,?
215,16,1,0,0,0,1,0.2854959999999999,25.369755999999995,a1.?,?
215,17,2,6,0,0,0,0.3029835,29.4973,g1.?,?
215,18,2,6,0,0,0,0.3016551,34.27769999999998,g1.=,=
215,19,2,6,0,0,0,0.3096818,38.79749999999996,g1.=,=
216,0,2,6,0,0,0,0.31352,0.0,g1.?,?
217,0,2,5,2,0,1,0.783992,0.0,f3.?,?
217,1,3,6,0,0,1,0.3070849,0.130800000000022,g1.?,?
217,2,2,1,1,0,0,0.4963039999999999,4.162399999999991,b2.?,?
217,3,2,0,0,0,1,0.30756,4.658704,a1.?,?
217,4,3,6,0,0,1,0.3074564,6.398200000000031,g1.=,=
217,5,2,5,2,0,1,0.810248,9.855799999999988,f3.?,?
217,6,3,6,0,0,0,0.3015783,15.460900000000038,g1.=,=
218,0,2,2,0,0,0,0.2311591,0.0,c1.?,?
218,1,2,3,0,1,0,0.2721306,4.749884899999984,d1*?,?
218,2,2,1,0,0,0,0.1930278,8.943584899999962,b1.?,?
218,3,2,1,0,0,0,0.1338991,9.1366127,b1.\,\
